Robertson; Alan (1920 - 1989),Fellow,19/03/1964
Robertson; Alexander (1896 - 1970),Fellow,20/03/1941
Robertson; Andrew (1883 - 1977); mechanical engineer,Fellow,14/03/1940
Robertson; Archibald (1789 - 1864),Fellow,11/02/1836
Robertson; Elizabeth Jane,Fellow,15/05/2003
Robertson; James (1753 - 1829),Fellow,13/12/1810
Robertson; John,Fellow,30/04/2015
Robertson; John (1712 - 1776),Fellow,17/12/1741
Robertson; John Monteath (1900 - 1989),Fellow,22/03/1945
Robertson; Muriel (1883 - 1973),Fellow,20/03/1947
Robertson; Robert (1742 - 1829),Fellow,31/05/1804
Robertson; Sir; Robert (1869 - 1949),Fellow,03/05/1917
Robertson; Sir; Rutherford Ness (1913 - 2001),Fellow,16/03/1961
Robins; Benjamin (1707 - 1751),Fellow,9/11/1727
Robinson; Carol Vivien,Fellow,27/05/2004
Robinson; Derek Charles (1941 - 2002),Fellow,10/03/1994
Robinson; Frederick John (1782 - 1859); 1st Earl of Ripon,Fellow,17/04/1828
Robinson; George Frederick Samuel (1827 - 1909); 1st Marquess of Ripon,Fellow,24/05/1860
Robinson; Gilbert Wooding (1888 - 1950),Fellow,18/03/1948
Robinson; Harold Roper (1889 - 1955),Fellow,02/05/1929
Robinson; Isaac (- 1839),Fellow,26/11/1829
Robinson; Margaret Scott,Fellow,19/04/2012
Robinson; Richard (- 1733),Fellow,23/11/1681
Robinson; Sir; Robert (1886 - 1975); Chemist,Fellow,13/05/1920
Robinson; Sir; Robert Spencer (1809 - 1889),Fellow,3/06/1869
Robinson; Sir; Thomas (c 1703 - 1777),Fellow,30/11/1726
Robinson; Stephen Joseph,Fellow,18/03/1976
Robinson; Tancred (c 1657 - 1748),Fellow,19/11/1684
Robinson; Thomas Romney (1792 - 1882),Fellow,5/06/1856
Robison; Robert (1883 - 1941),Fellow,15/05/1930
Robson; John Gair,Fellow,15/05/2003
Robson; Peter Neville,Fellow,19/03/1987
Roby; Thomas (1689 - 1729),Fellow,15/04/1725
Rochester; George Dixon (1908 - 2001),Fellow,20/03/1958
Rockefeller; John Davison (1874 - 1960),Statute 12,08/06/1939
Rodenburg; John Marius (),Fellow,28/03/2019
Roderick; Richard (- 1756),Fellow,21/06/1750
Roebuck; John (1718 - 1794),Fellow,12/07/1764
Rogers; Arthur William (1872 - 1946),Fellow,02/05/1918
Rogers; Charles (1711 - 1784),Fellow,17/11/1757
Rogers; Claude Ambrose (1920 - 2005),Fellow,19/03/1959
Rogers; George (fl 1789 - 1816),Fellow,19/11/1789
Rogers; Henry Darwin (1808 - 1866),Fellow,03/06/1858
Rogers; John (1647 - 1715),Fellow,13/04/1681
Rogers; John (1807 - 1867),Fellow,5/12/1839
Rogers; Joseph (c 1676 - ? 1757),Fellow,15/06/1738
Rogers; Leonard James (1862 - 1933),Fellow,15/05/1924
Rogers; Samuel (1763 - 1855),Fellow,17/11/1796
Rogers; Sir; Leonard (1868 - 1962),Fellow,11/05/1916
Rogerson; John (1741 - 1823),Fellow,6/05/1779
Roget; Peter Mark (1779 - 1869),Fellow,16/03/1815
Rogosinski; Werner Wolfgang (1894 - 1964),Fellow,18/03/1954
Roitt; Ivan Maurice,Fellow,17/03/1983
Rokewode; John Gage (1786 - 1842),Fellow,8/04/1824
Rolleston; George (1829 - 1881),Fellow,5/06/1862
Rolli; Paolo Antonio (1687 - ? 1767),Fellow,11/12/1729
Rolt; Thomas (1641 - 1672),Fellow,14/12/1664
Romanes; George John (1848 - 1894),Fellow,12/06/1879
Romer; Alfred Sherwood (1894 - 1973),Foreign Member,24/04/1969
Romer; Sir; Robert (1840 - 1918),Fellow,14/12/1899
Romilly; Isaac (- 1759),Fellow,12/05/1757
Ron; David,Fellow,30/04/2014
Ronalds; Sir; Francis (1788 - 1873),Fellow,1/02/1844
Rooke; Lawrence (1622 - 1662),Founder Fellow,30/11/1660
Rooke; Sir; Denis Eric,Fellow,16/03/1978
Room; Thomas Gerald (1902 - 1986),Fellow,20/03/1941
Roos; John Frederick Fitzgerald De (1804 - 1861),Fellow,9/06/1831
Roper; Warren Richard,Fellow,16/03/1989
Rorsman; Patrick,Fellow,30/04/2014
Roscoe; Sir; Henry Enfield (1833 - 1915),Fellow,4/06/1863
Rose; Francis Leslie (1909 - 1988),Fellow,21/03/1957
Rose; Gustav (1798 - 1873),Foreign Member,14/06/1866
Rose; Heinrich (1795 - 1864),Foreign Member,5/05/1842
Rose; John Donald (1911 - 1976),Fellow,18/03/1971
Rose; Sir; George (1782 - 1873),Fellow,5/06/1834
Rose; William (1751 - 1829),Fellow,23/11/1786
Rosenberger; Otto August (1800 - 1890),Foreign Member,4/06/1835
Rosenbrock; Howard Harry,Fellow,18/03/1976
Rosenhain; Walter (1875 - 1934),Fellow,01/05/1913
Rosenhead; Louis (1906 - 1984),Fellow,21/03/1946
Rosenheim; Max Leonard (1908 - 1972); Baron Rosenheim of Camden,Fellow,25/05/1972
Rosenheim; Otto (1871 - 1955),Fellow,12/05/1927
Rosenkrantz; Iver (1674 - 1745),Fellow,11/06/1713
Ross; Daniel (1780 - 1849),Fellow,13/06/1822
Ross; Douglas Alan; Physicist,Fellow,26/05/2005
Ross; Graham Garland,Fellow,14/03/1991
Ross; John (1719 - 1792),Fellow,23/02/1758
Ross; Patrick (c 1740 - 1804),Fellow,11/12/1794
Ross; Sir; James Clark (1800 - 1862),Fellow,11/12/1828
Ross; Sir; Ronald (1857 - 1932),Fellow,06/06/1901
Rossant; Janet,Fellow,11/05/2000
Rosseinsky; Matthew Jonathan,Fellow,15/05/2008
Rossmann; Michael George (1930 - 2019),Foreign Member,14/03/1996
Rotblat; Sir; Joseph (1908 - 2005),Fellow,09/03/1995
Roth; Klaus Friedrich,Fellow,24/03/1960
Roth; Sir; Martin (1917 - 2006),Fellow,14/03/1996
Rotherham; Leonard (1913 - 2001),Fellow,21/03/1963
Rothman; James Edward,Foreign Member,28/03/2019
Rothschild; Dame; Miriam Louisa (1908 - 2005),Fellow,21/03/1985
Rothschild; Lionel Walter (1868 - 1937); 2nd Baron Rothschild,Fellow,23/11/1911
Rothschild; Nathaniel Mayer Victor (1910 - 1990); 3rd Baron Rothschild,Fellow,19/03/1953
Rothwell; Dame; Nancy Jane,Fellow,27/05/2004
Roughton; Francis John Worsley (1899 - 1972),Fellow,07/05/1936
Roupell; George Leith (1797 - 1854),Fellow,12/12/1839
Rous; Francis Peyton (1879 - 1970),Foreign Member,23/05/1940
Routh; Edward John (1831 - 1907),Fellow,6/06/1872
Roux; Pierre Paul Emile (1853 - 1933),Foreign Member,26/06/1913
Rowan; Sheila,Fellow,09/05/2018
Rowe; Frederick Maurice (1891 - 1946),Fellow,22/03/1945
Rowe; Henry (- 1769),Fellow,12/04/1739
Rowe; Ronald Kerry,Fellow,02/05/2013
Rowell; John Martin,Fellow,16/03/1989
Rowland; Frank Sherwood (1927 - 2012),Foreign Member,27/05/2004
Rowland; Henry Augustus (1848 - 1901),Foreign Member,5/12/1889
Rowledge; Arthur John (1876 - 1957),Fellow,20/03/1941
Rowley; George (1782 - 1836),Fellow,14/11/1811
Rowley; John (c 1768 - 1824),Fellow,9/02/1809
Rowlinson; Sir; John Shipley (1926 - 2018),Fellow,19/03/1970
Rowson; Lionel Edward Aston (1914 - 1989),Fellow,15/03/1973
Roy; Charles Le (1726 - 1779),Fellow,31/05/1770
Roy; Charles Smart (1854 - 1897),Fellow,12/06/1884
Roy; Jean Baptiste Le (1720 - 1800),Fellow,10/06/1773
Roy; William (1726 - 1790),Fellow,26/03/1767
Royen; Adrianus van (1704 - 1779),Fellow,27/06/1728
Royen; David van (? 1727 - 1799),Fellow,6/12/1759
Royle; John Forbes (? 1798 - 1858),Fellow,6/04/1837
Royston-Pigott; George West (? 1817 - 1889),Fellow,12/06/1873
Rubbia; Carlo,Foreign Member,28/06/1984
Rubin; Gerald Mayer,Foreign Member,17/05/2007
Rubinsztein; David Chaim,Fellow,04/05/2017
Rucker; Sir; Arthur William (1848 - 1915),Fellow,12/06/1884
Rudge; Edward (1703 - 1763),Fellow,3/11/1726
Rudge; Edward (1763 - 1846),Fellow,31/01/1805
Rudge; Edward John (1792 - 1861),Fellow,18/02/1847
Rudge; James (c 1785 - 1852),Fellow,17/11/1814
Rudge; Sir; Alan Walter,Fellow,12/03/1992
Rue; Warren de la (1815 - 1889),Fellow,06/06/1850
Ruffles; Philip Charles,Fellow,14/05/1998
Ruhemann; Siegfried (1859 - 1942),Fellow,07/05/1914
Rumker; Karl Ludwig Christian (1788 - 1862),Foreign Member,14/06/1855
Rumsey; Henry Wyldbore (1809 - 1876),Fellow,4/06/1874
Runcorn; Stanley Keith (1922 - 1995),Fellow,18/03/1965
Rupert (1619 - 1682); Prince; Count Palatine of the Rhine and Duke of Bavaria; Duke of Cumberland and Earl of Holderness,Royal Fellow,22/03/1665
Rushbrooke; George Stanley (1915 - 1995),Fellow,18/03/1982
Rushton; William Albert Hugh (1901 - 1980),Fellow,18/03/1948
Rushworth; Matthew,Fellow,28/03/2019
Russell; Alexander (1715 - 1768),Fellow,6/05/1756
Russell; Alexander (1861 - 1943),Fellow,15/05/1924
Russell; Bertrand Arthur William (1872 - 1970); 3rd Earl Russell,Fellow,07/05/1908
Russell; Francis (- 1795),Fellow,15/03/1770
Russell; Henry Chamberlaine (1836 - 1907),Fellow,4/06/1886
Russell; Henry Norris (1877 - 1957),Foreign Member,17/06/1937
Russell; Herbrand Arthur (1858 - 1940); 11th Duke of Bedford,Statute 12,05/11/1908
Russell; Ian John,Fellow,16/03/1989
Russell; Jesse Watts (1786 - 1875),Fellow,7/06/1821
Russell; John (1710 - 1771); 4th Duke of Bedford,Fellow,11/03/1742
Russell; John (1792 - 1878); 1st Earl Russell,Fellow,6/05/1847
Russell; John Scott (1808 - 1882),Fellow,7/06/1849
Russell; Michael (fl 1742 - 1767),Fellow,25/03/1742
Russell; Patrick (1727 - 1805),Fellow,27/11/1777
Russell; Philip St John,Fellow,26/05/2005
Russell; Richard (1687 - 1759),Fellow,13/02/1752
Russell; Robert Graham Goodwin,Fellow,15/05/2008
Russell; Sir; Archibald Edward (1904 - 1995),Fellow,19/03/1970
Russell; Sir; Edward John (1872 - 1965),Fellow,03/05/1917
Russell; Sir; Frederick Stratten (1897 - 1984),Fellow,17/03/1938
Russell; Sir; William (1773 - 1839),Fellow,5/04/1832
Russell; William (1713 - 1787),Fellow,9/01/1777
Russell; William Henry Leighton (1823 - 1891),Fellow,7/06/1866
Russell; William James (1830 - 1909),Fellow,6/06/1872
Rutherford; Ernest (1871 - 1937); Baron Rutherford of Nelson,Fellow,11/06/1903
Rutherford; Thomas (1712 - 1771),Fellow,27/01/1743
Rutherford; William,Fellow,30/04/2014
Rutherford; William (1839 - 1899),Fellow,1/06/1876
Rutter; Sir; Michael Llewellyn,Fellow,19/03/1987
Rutty; William (1687 - 1730),Fellow,30/06/1720
Ruusscher; Melchior De (fl 1730 - 1753),Fellow,26/02/1730
Ruysch; Friedrich (1638 - 1731),Fellow,9/06/1715
Ruzicka; Leopold (1887 - 1976),Foreign Member,18/06/1942
Ryan; John (- 1808),Fellow,19/04/1798
Ryan; Sir; Edward (1793 - 1875),Fellow,2/02/1860
Rycaut; Sir; Paul (? 1628 - 1700),Fellow,12/12/1666
Rydberg; Janne Robert (1854 - 1919),Foreign Member,26/06/1919
Ryde; John Walter (1898 - 1961),Fellow,18/03/1948
Ryder; Dudley (1798 - 1882); 2nd Earl of Harrowby,Fellow,24/11/1853
Ryle; Sir; Martin (1918 - 1984),Fellow,20/03/1952
Ryley; Sir; Philip (- 1733),Fellow,15/07/1696
Ryves; Thomas (- 1788),Fellow,20/11/1760
Sabatier; Paul (1859 - 1941),Foreign Member,28/02/1918
Sabine; Joseph (1770 - 1837),Fellow,07/11/1799
Sabine; Sir; Edward (1788 - 1883),Fellow,16/04/1818
Sacchetti; Giulio (fl 1740 - 1757),Fellow,6/11/1740
Sachrajda; Christopher Tadeusz Czeslaw,Fellow,14/03/1996
Sachs; Julius von (1832 - 1897),Foreign Member,31/05/1888
Sachs; Leo (1924 - 2013),Fellow,15/05/1997
Sackville; Charles (1638 - 1706); 6th Earl of Dorset,Fellow,11/01/1699
Sackville; Richard (1622 - 1677); 5th Earl of Dorset,Fellow,3/05/1665
Sadler; Michael Thomas (1780 - 1835),Fellow,9/06/1832
Sadler; Peter John,Fellow,26/05/2005
Saffman; Philip Geoffrey (1931 - 2008),Fellow,17/03/1988
Sage; George Louis Le (1724 - 1803),Fellow,1/06/1775
Saha; Meghnad N (?1893 - 1956),Fellow,12/05/1927
Sahni; Birbal (1891 - 1949),Fellow,07/05/1936
Saibil; Ruth,Fellow,18/05/2006
Sainsbury; David; Lord,Honorary Fellow,15/05/2008
Sainthill; Peter (- 1775),Fellow,6/02/1735
Sakmann; Bert (1942 -),Foreign Member,09/06/1994
Salam; Gavin Phillip,Fellow,04/05/2017
Salam; Muhammad Abdus (1926 - 1996),Fellow,19/03/1959
Salaman; Redcliffe Nathan (1874 - 1955),Fellow,16/05/1935
Salengre; Albert Henri de (? 1694 - 1723),Fellow,5/11/1719
Salis; Henry Jerome de (1740 - 1810),Fellow,3/05/1770
Salis; Jerome de (1709 - 1794),Fellow,19/03/1741
Salis; Jerome de (1771 - 1836),Fellow,15/12/1808
Salisbury; Richard Anthony (1761 - 1829),Fellow,15/03/1787
Salisbury; Sir; Edward James (1886 - 1978),Fellow,11/05/1933
Salje; Ekhard Karl Hermann,Fellow,14/03/1996
Sallier; Claude (1685 - 1761),Fellow,10/05/1744
Salmon; George (1819 - 1904),Fellow,4/06/1863
Salpeter; Edwin Ernest (1924 - 2008),Foreign Member,17/06/1993
Salt; George (1903 - 2003),Fellow,15/03/1956
Salt; Henry (1780 - 1827),Fellow,26/11/1812
Salter; Henry Hyde (1823 - 1871),Fellow,5/06/1856
Salter; Samuel James Augustus (1825 - 1897),Fellow,4/06/1863
Salton; Milton Robert James,Fellow,15/03/1979
Salusbury; Oliver (fl 1673 - 1687),Fellow,6/04/1681
Saluzzo; Guiseppe Angelo (1734 - 1810); Conte di Menusiglio,Fellow,21/02/1760
Salvador; Joseph (fl 1759),Fellow,15/03/1759
Salvemini di Castiglione; Giovanni Francesco Mauro Melchiorre (1708 - 1791),Fellow,30/05/1745
Salvin; Osbert (1835 - 1898),Fellow,12/06/1873
Salvini; Antonio Maria (1653 - ? 1729),Fellow,5/04/1716
Sambles; John Roy,Fellow,13/05/2002
Sambrook; Joseph Frank (1939 - 2019),Fellow,21/03/1985
Sambrooke; Sir; Jeremy (- 1705),Fellow,27/04/1681
Sampson; Ralph Allen (1866 - 1939),Fellow,11/06/1903
Sampson; Thomas (? 1767 - 1839),Fellow,4/07/1811
Samuelson; Sir; Bernhard (1820 - 1905),Fellow,2/06/1881
Samuelsson; Bengt Ingemar (1934 -),Foreign Member,28/06/1990
Sand; Alec (1901 - 1945),Fellow,16/03/1944
Sandage; Allan Rex,Foreign Member,10/05/2001
Sanders; Dale,Fellow,10/05/2001
Sanders; Jeremy Keith Morris,Fellow,09/03/1995
Sanders; Samuel (- 1746),Fellow,3/11/1720
Sanders; William (1799 - 1875),Fellow,2/06/1864
Sandilands; Alexander (- 1760),Fellow,30/11/1711
Sanford; Edward Ayshford (1794 - 1871),Fellow,06/12/1832
Sanger; Frederick (1918 - 2013),Fellow,18/03/1954
Sanger; Ruth Ann (1918 - 2001),Fellow,16/03/1972
Sannazzaro; Luigi Malaspina di (fl 1784); Marquis,Fellow,24/06/1784
Sansonetti; Philippe,Foreign Member,30/04/2014
Sarayva; Matthew (fl 1743),Fellow,21/04/1743
Sargent; Wallace Leslie William (1935 - 2012),Fellow,19/03/1981
Sargeson; Alan McLeod,Fellow,17/03/1983
Sarnak; Peter,Fellow,13/05/2002
Sarotti; Giovanni Ambrosio (fl 1679 - 1714),Fellow,1/12/1679
Sarukhan; Jose,Foreign Member,15/05/2003
Sauer; Joachim,Foreign Member,09/05/2018
Saumarez; Richard (1764 - 1835),Fellow,18/12/1834
Saunders; Augustus Page (1801 - 1878),Fellow,18/04/1833
Saunders; Edward (1848 - 1910),Fellow,05/06/1902
Saunders; Erasmus (- 1775),Fellow,22/03/1759
Saunders; George (1762 - 1839),Fellow,7/05/1812
Saunders; Sir; Owen Alfred (1904 - 1993),Fellow,20/03/1958
Saunders; William (- 1751),Fellow,2/05/1745
Saunders; William (1743 - 1817),Fellow,9/05/1793
Saunders; William Wilson (1809 - 1879),Fellow,2/06/1853
Saunderson; Nicholas (1682 - 1739),Fellow,6/11/1718
Saussure; Horace Benedict de (1740 - 1799),Fellow,3/04/1788
Saussure; Nicolas Theodore de (1767 - 1845),Foreign Member,23/03/1820
Sauvages de la Croix; Francois Boissier (1706 - ? 1767),Fellow,25/05/1749
Savart; Felix (1791 - 1841),Foreign Member,30/05/1839
Savery; Thomas (c 1650 - 1715),Fellow,13/02/1706
Savile; George (1633 - 1695); 1st Marquess of Halifax,Fellow,30/11/1675
Savile; Sir; George (1678 - 1743),Fellow,2/11/1721
Savile; Sir; George (1726 - 1784),Fellow,10/12/1747
Savill; John Stewarr,Fellow,02/05/2013
Savory; Sir; William Scovell (1826 - 1895),Fellow,3/06/1858
Sawatzky; George Albert,Fellow,15/05/2008
Sawbridge; Henry Barne (1778 - 1851),Fellow,27/06/1822
Sawbridge; John (1699 - 1762),Fellow,28/06/1739
Sawicki; Roman Mieczyslaw (1930 - 1990),Fellow,19/03/1987
Sawyer; John Stanley (1916 - 2000),Fellow,15/03/1962
Saxby; Robin,Honorary Fellow,30/04/2015
Sazanov; Leonid Alexeevich,Fellow,28/03/2019
Scarburgh; Sir; Charles (1615 - 1694),Original Fellow,20/05/1663
Scarlotti; Pomponio (fl 1696); Baron of,Fellow,29/04/1696
Scarpa; Antonio (? 1747 - 1832),Fellow,5/05/1791
Schaffer; Jacob Christian (1718 - 1790),Fellow,23/02/1764
Scheffer; Ingrid Eileen,Fellow,09/05/2018
Schekman; Randy (1948 -),Foreign Member,02/05/2013
Scheuchzer; Johann Jakob (1672 - 1733),Fellow,30/11/1703
Scheuchzer; John Gaspar (1702 - 1729),Fellow,7/05/1724
Scheurer; Samuel (1685 - c 1749),Fellow,28/03/1717
Schiaparelli; Giovanni Virginio (1835 - 1910),Foreign Member,26/11/1896
Schild; Heinz Otto (1906 - 1984),Fellow,17/03/1966
Schindler; David William,Fellow,10/05/2001
Schlich; Sir; William (1840 - 1925),Fellow,06/06/1901
Schlosser; Jan Albert (1733 - 1769),Fellow,22/01/1756
Schluter; Dolph,Fellow,13/05/1999
Schmeisser; Johann Gottfried (1767 - 1837),Fellow,20/03/1794
Schmidt; Brian Paul,Fellow,19/04/2012
Schmidt-Nielsen; Knut (1915 - 2007),Foreign Member,27/06/1985
Schneider; William George,Fellow,15/03/1962
Schoepflin; Johann Daniel (1694 - 1771),Fellow,27/06/1728
Schofield; Andrew Noel,Fellow,12/03/1992
Schofield; Christopher,Fellow,02/05/2013
Scholes; Gregory Denton,Fellow,28/03/2019
Schomberg; Meyer Low (1690 - 1761),Fellow,30/11/1726
Schomburgk; Sir; Robert Hermann (1804 - 1865),Fellow,9/06/1859
Schonland; Sir; Basil Ferdinand Jamieson (1896 - 1972),Fellow,17/03/1938
Schorlemmer; Carl (1834 - 1892),Fellow,8/06/1871
Schott; George Adolphus (1868 - 1937),Fellow,11/05/1922
Schreber; Johann Christian Daniel von (1739 - 1810),Fellow,16/04/1795
Schrock; Richard Royce,Foreign Member,15/05/2008
Schrodinger; Erwin (1887 - 1961),Foreign Member,12/05/1949
Schroter; Johann Hieronymus (1745 - 1816),Fellow,19/04/1798
Schroter; William (1640 - 1699),Original Fellow,17/09/1662
Schryver; Samuel Barnett (1869 - 1929),Fellow,10/05/1928
Schultz; Wolfram,Fellow,14/05/2009
Schumacher; Heinrich Christian (1780 - 1850),Foreign Member,12/04/1821
Schunck; Henry Edward (1820 - 1903),Fellow,6/06/1850
Schuster; Sir; Arthur (1851 - 1934),Fellow,12/06/1879
Schwabe; Samuel Heinrich (1789 - 1875),Foreign Member,26/03/1868
Schwann; Theodor Ambrose Hubert (1810 - 1882),Foreign Member,3/04/1879
Schwarzschild; Martin (1912 - 1997),Foreign Member,14/03/1996
Schwendener; Simon (1829 - 1919),Foreign Member,26/06/1913
Sciama; Dennis William (1926 - 1999),Fellow,17/03/1983
Sclater; John George,Fellow,18/03/1982
Sclater; Philip Lutley (1829 - 1913),Fellow,6/06/1861
Sclater-Booth; George (1826 - 1894); Baron Basing,Fellow,20/01/1876
Scoles; Giacinto,Fellow,15/05/1997
Scoresby; William (1789 - 1857),Fellow,17/06/1824
Scott; Alastair Ian (1928 - 2007),Fellow,16/03/1978
Scott; Alexander (1853 - 1947),Fellow,9/06/1898
Scott; David Alymer (1892 - 1971),Fellow,17/03/1949
Scott; Dukinfield Henry (1854 - 1934),Fellow,7/06/1894
Scott; Francis (1695 - 1751); 2nd Duke of Buccleuch,Fellow,12/03/1724
Scott; George (c 1721 - 1780),Fellow,10/03/1748
Scott; George Lewis (1708 - 1780),Fellow,5/05/1737
Scott; Henry Young Darracott (1822 - 1883),Fellow,3/06/1875
Scott; Hugh (1885 - 1960),Fellow,20/03/1941
Scott; James,Fellow,15/05/1997
Scott; James Floyd,Fellow,15/05/2008
Scott; John (1751 - 1838); 1st Earl of Eldon and Viscount Encombe,Fellow,14/02/1793
Scott; John Corse (fl 1779 - 1800),Fellow,16/01/1800
Scott; John Donald (1958 -),Fellow,15/05/2003
Scott; Robert Henry (1833 - 1916),Fellow,2/06/1870
Scott; Sir; Peter Markham (1909 - 1989),Statute 12,25/06/1987
Scott; Walter Francis (1806 - 1884); 5th Duke of Buccleuch and 7th Duke of Queensberry,Fellow,20/06/1833
Scott; William (1745 - 1836); Baron Stowell,Fellow,14/02/1793
Scriver; Charles Robert (1930 -),Fellow,14/03/1991
Scrope; George Julius Poulett (1797 - 1876),Fellow,7/12/1826
Scudamore; Sir; Charles (1779 - 1849),Fellow,15/01/1824
Seaborg; Glenn Theodore (1912 - 1999),Foreign Member,27/06/1985
Seale; John Barlow (1753 - 1838),Fellow,9/03/1786
Seally; John (c 1747 - 1795),Fellow,30/06/1791
Searle; George Frederick Charles (1864 - 1954),Fellow,11/05/1905
Seaton; Michael John (1923 - 2007),Fellow,16/03/1967
Seaward; Samuel (1800 - 1842),Fellow,10/06/1841
Seba; Albertus (1665 - 1736),Fellow,24/10/1728
Secchi; Angelo (1818 - 1878),Foreign Member,20/11/1856
Sedgwick; Adam (1785 - 1873),Fellow,1/02/1821
Sedgwick; Adam (1854 - 1913),Fellow,4/06/1886
Seeley; Harry Govier (1839 - 1909),Fellow,12/06/1879
Segal; Anthony Walter,Fellow,14/05/1998
Segal; Graeme Bryce,Fellow,18/03/1982
Segner; Johann Andreas von (1704 - 1777),Fellow,26/01/1738
Seip; Johann Philip (1686 - 1757),Fellow,1/07/1736
Seligman; Charles Gabriel (1873 - 1940),Fellow,15/05/1919
Sell; William James (1847 - 1915),Fellow,14/06/1900
Sellius; Godfrey (c 1704 - 1767),Fellow,3/05/1733
Selwyn; Alfred Richard Cecil (1824 - 1902),Fellow,4/06/1874
Selwyn; William (1806 - 1875),Fellow,7/06/1866
Semenov; Nikolai Nikolaevich (1896 - 1986),Foreign Member,24/04/1958
Sen; Ashoke,Fellow,14/05/1998
Senex; John (- 1740),Fellow,27/06/1728
Seppings; Sir; Robert (1767 - 1840),Fellow,10/11/1814
Sequeira Samuda; Isaac de (- 1729),Fellow,27/06/1723
Serenius; Jacob (1700 - 1776),Fellow,3/02/1732
Series; Caroline Mary,Fellow,28/04/2016
Series; George William (1920 - 1995),Fellow,18/03/1971
Serra; Joseph Correa de (1750 - 1823),Fellow,3/03/1796
Serre; Jean-Pierre,Foreign Member,25/04/1974
Seshadri; Conjeeveram Srirangachari,Fellow,17/03/1988
Seshadri; Thiruvenkata Rajendra (1900 - 1975),Fellow,24/03/1960
Seward; Sir; Albert Charles (1863 - 1941),Fellow,9/06/1898
Seward; William (1747 - 1799),Fellow,11/02/1779
Sewell; Robert Beresford Seymour (1880 - 1964),Fellow,03/05/1934
Sewell; Sir; John (c 1766 - 1833),Fellow,2/03/1820
Seymour; Edward Adolphus (1775 - 1855); 11th Duke of Somerset,Fellow,09/03/1797
Seymour; Edward James (1796 - 1866),Fellow,17/06/1841
Seymour; Lord; Webb John (1777 - 1819),Fellow,11/11/1802
Seytres; Joseph de (1688 - 1745); Marquis de Caumont,Fellow,13/11/1740
Shackleford; Richard Dickson (1743 - 1829),Fellow,28/06/1792
Shackleton; Lord; Edward Arthur Alexander (1911 - 1994),Statute 12,29/06/1989
Shackleton; Robert Millner (1909 - 2001),Fellow,18/03/1971
Shackleton; Sir; Nicholas John (1937 - 2006),Fellow,21/03/1985
Shadbolt; Nigel Richard,Fellow,04/05/2017
Shadwell; Lancelot (- 1815),Fellow,4/06/1778
Shadwell; Sir; Charles Frederick Alexander (1814 - 1886),Fellow,6/06/1861
Shadwell; Sir; John (1671 - 1747),Fellow,3/12/1701
Shaen; Sir; James (- 1695),Original Fellow,20/05/1663
Shafarevich; Igor Rostislavovich,Foreign Member,09/04/1981
Shallice; Timothy,Fellow,14/03/1996
Shamir; Adi,Foreign Member,09/05/2018
Shanks; Ian Alexander,Fellow,15/03/1984
Shannon; Claude Elwood (1916 - 2001),Foreign Member,20/06/1991
Shard; Isaac Pacatus (- 1766),Fellow,24/01/1751
Sharma; Man Mohan,Fellow,15/03/1990
Sharp; David (1840 - 1922),Fellow,5/06/1890
Sharp; Paul Martin,Fellow,02/05/2013
Sharp; Philip Allen,Foreign Member,19/05/2011
Sharp; Richard (1759 - 1835),Fellow,12/06/1806
Sharp; Samuel (c 1700 - 1778),Fellow,13/04/1749
Sharp; William (1728 - 1810),Fellow,20/04/1769
Sharp; William (1805 - 1896),Fellow,7/05/1840
Sharpe; Daniel (1806 - 1856),Fellow,6/06/1850
Sharpe; Fane William (c 1727 - 1771),Fellow,5/07/1764
Sharpe; Gregory (1713 - 1771),Fellow,9/05/1754
Sharpe; John (c 1769 - 1834),Fellow,13/04/1826
Sharpey; William (1802 - 1880),Fellow,9/05/1839
Sharpey-Schafer; Sir; Edward Albert (1850 - 1935),Fellow,6/06/1878
Shattock; Samuel George (1852 - 1924),Fellow,03/05/1917
Shatz; Carla,Foreign Member,19/05/2011
Shaw; Bernard Leslie,Fellow,16/03/1978
Shaw; George (1751 - 1813),Fellow,26/02/1789
Shaw; John (1776 - 1832),Fellow,11/02/1830
Shaw; Joseph (1671 - 1733),Fellow,30/11/1703
Shaw; Peter (1694 - 1763),Fellow,16/04/1752
Shaw; Sir; William Napier (1854 - 1945),Fellow,4/06/1891
Shaw; Thomas (1694 - 1751),Fellow,13/06/1734
Shaw; Trevor Ian (1928 - 1972),Fellow,18/03/1971
Shaw-Lefevre; George John (1831 - 1928); Baron Eversley,Fellow,26/01/1899
Shaw-Lefevre; Sir; John George (1797 - 1879),Fellow,16/11/1820
Shearer; Cresswell (1874 - 1941),Fellow,11/05/1916
Sheckman; Randy,Foreign Member,05/07/1905
Shee; Sir; George (1754 - 1825),Fellow,10/05/1810
Shee; Sir; Martin Archer (1769 - 1850),Fellow,21/04/1831
Sheepshanks; Richard (1794 - 1855),Fellow,1/04/1830
Sheers; Sir; Henry (- 1710),Fellow,10/02/1676
Sheldon; Gilbert (1598 - 1677),Fellow,22/03/1665
Sheldon; John (1752 - 1808),Fellow,29/04/1784
Sheldon; Roger Arthur,Fellow,30/04/2015
Sheldrick; George Michael,Fellow,10/05/2001
Shelvocke; George (- ? 1760),Fellow,10/03/1743
Sheng; Morgan Hwa-Tze,Fellow,17/05/2007
Shenstone; Allen Goodrich (1893 - 1980),Fellow,16/03/1950
Shenstone; William Ashwell (1850 - 1908),Fellow,9/06/1898
Shepherd; Anthony (1721 - 1796),Fellow,21/04/1763
Shepherd; John Graham,Fellow,13/05/1999
Shepherd; Richard (c 1732 - 1809),Fellow,10/05/1781
Shepherd; Theodore Gordon,Fellow,28/04/2016
Shepherd-Barron; Nicholas Ian,Fellow,18/05/2006
Sheppard; Norman (1921 - 2015),Fellow,16/03/1967
Sheppard; Percival Albert (1907 - 1977),Fellow,19/03/1964
Sheppard; Philip MacDonald (1921 - 1976),Fellow,18/03/1965
Sherard; James (1666 - 1738),Fellow,4/12/1706
Sherard; William (1659 - 1728),Fellow,25/02/1720
Shercliff; John Arthur (1927 - 1983),Fellow,20/03/1980
Sheridan; Thomas (1646 - 1712),Fellow,6/02/1679
Sherlock; Dame; Sheila Patricia Violet (1918 - 2001),Fellow,10/05/2001
Sherlock; John (- 1719),Fellow,9/06/1715
Sherratt; David John,Fellow,12/03/1992
Sherrington; David,Fellow,10/03/1994
Sherrington; David Colin,Fellow,17/05/2007
Sherrington; Sir; Charles Scott (1857 - 1952),Fellow,1/06/1893
Sherwood Lollar; Barbara,Fellow,28/03/2019
Sherwood; Noah (- 1764),Fellow,20/06/1745
Shine; Keith Peter,Fellow,14/05/2009
Shipley; Sir; Arthur Everett (1861 - 1927),Fellow,05/05/1904
Shippen; Robert (1675 - 1745),Fellow,20/11/1706
Shirley; Robert (1673 - 1699),Fellow,11/01/1699
Shirley; Washington (1722 - 1778); 5th Earl Ferrers,Fellow,10/12/1761
Shoenberg; David (1911 - 2004),Fellow,19/03/1953
Shoichet; Molly Sandra,Fellow,28/03/2019
Shooter; Eric Manvers,Fellow,17/03/1988
Shoppee; Charles William (1904 - 1994),Fellow,15/03/1956
Shore; Charles John (1796 - 1885); 2nd Baron Teignmouth,Fellow,5/06/1834
Short; Charles (c 1762 - 1838),Fellow,17/05/1804
Short; James (1710 - 1768),Fellow,24/03/1737
Short; Roger Valentine,Fellow,21/03/1974
Shortt; Henry Edward (1887 - 1987),Fellow,16/03/1950
Shotton; Frederick William (1906 - 1990),Fellow,15/03/1956
Shuckburgh; Sir; Francis (1789 - 1876),Fellow,11/03/1824
Shuckburgh-Evelyn; Sir; George Augustus William (1751 - 1804); Mathematician,Fellow,22/12/1774
Shuldham; Molyneux (c 1717 - 1798); Baron Shuldham,Fellow,13/03/1777
Shuttleworth; Robert (1744 - 1816),Fellow,24/04/1777
Shuvaloff; Ivan Ivanovitch (1727 - 1797),Fellow,16/03/1758
Shuvalov; Ivan Ivanovitch (1727 - 1797),Fellow,16/03/1688
Sibbett; Wilson,Fellow,15/05/1997
Sibson; Francis (1814 - 1876),Fellow,7/06/1849
Sibson; Richard Hugh,Fellow,15/05/2003
Sibthorp; John (1758 - 1796),Fellow,6/03/1788
Siddiqi; Obaid (1932 - 2013),Fellow,15/03/1984
Siddiqui; Salimuzzaman (1897 - 1994),Fellow,16/03/1961
Sidgwick; Nevil Vincent (1873 - 1952),Fellow,11/05/1922
Siebold; Carl Theodore von (1804 - 1885),Foreign Member,25/11/1858
Siegbahn; Karl Manne Georg (1886 - 1978),Foreign Member,29/04/1954
Siemens; Sir; Charles William (1823 - 1883),Fellow,5/06/1862
Sievier; Robert William (1794 - 1865),Fellow,4/03/1841
Silk; Joseph Ivor,Fellow,13/05/1999
Silver; (Robin) Angus,Fellow,04/05/2017
Silverman; Bernard Walter,Fellow,15/05/1997
Silvester; Sir; John (1745 - 1822),Fellow,2/03/1780
Silvester; Sir; John Baptist (- 1789),Fellow,12/11/1747
Silvestre; Pierre (c 1662 - 1718),Fellow,30/11/1699
Silveyra; Joachim Jose Fidalgo da (fl 1751),Fellow,31/10/1751
Siminovitch; Louis,Fellow,20/03/1980
Simmons; Michelle Yvonne (),Fellow,09/05/2018
Simmons; Richard (c 1781 - 1846),Fellow,11/03/1813
Simmons; Robert Malcolm,Fellow,09/03/1995
Simmons; Samuel Foart (1750 - 1813),Fellow,4/11/1779
Simms; William (1793 - 1860),Fellow,3/06/1852
Simon; James (- 1757),Fellow,17/11/1748
Simon; Leon Melvyn,Fellow,15/05/2003
Simon; Sir; Franz Eugen (1893 - 1956); Physicist,Fellow,20/03/1941
Simon; Sir; John (1816 - 1904),Fellow,9/01/1845
Simon; William (fl 1716 - 1722),Fellow,30/11/1716
Simons; John Philip,Fellow,16/03/1989
Simonsen; Sir; John Lionel (1884 - 1957),Fellow,05/05/1932
Simpkinson; Sir; John Augustus Francis (1780 - 1851),Fellow,22/04/1847
Simpson; Elizabeth,Fellow,20/05/2010
Simpson; George Gaylord (1902 - 1984),Foreign Member,24/04/1958
Simpson; Maxwell (1815 - 1902),Fellow,5/06/1862
Simpson; Patricia Ann,Fellow,11/05/2000
Simpson; Sir; George Clarke (1878 - 1965),Fellow,06/05/1915
Simpson; Stephen James,Fellow,02/05/2013
Simpson; Thomas (1710 - 1761),Fellow,5/12/1745
Simpson; Thomas James,Fellow,10/05/2001
Sims; John (1749 - 1831),Fellow,10/03/1814
Sinai; Yakov G,Foreign Member,14/05/2009
Sinclair; Anthony Ronald Entrican,Fellow,13/05/2002
Sinclair; James (1821 - 1881); 14th Earl of Caithness,Fellow,20/11/1862
Sinclair; Sir; John (1754 - 1835),Fellow,24/06/1784
Sinnatt; Frank Sturdy (1880 - 1943),Fellow,17/03/1938
Sinton; John Alexander (1884 - 1956),Fellow,21/03/1946
Sirringhaus; Henning,Fellow,14/05/2009
Six; James (1730 - 1793),Fellow,19/01/1792
Skehel; Sir; John James,Fellow,15/03/1984
Skempton; Sir; Alec Westley (1914 - 2001),Fellow,16/03/1961
Skey; Frederic Carpenter (1798 - 1872),Fellow,20/04/1837
Skinner; Herbert Wakefield Banks (1900 - 1960),Fellow,19/03/1942
Skinner; Samuel (- ? 1743),Fellow,19/06/1740
Skippon; Sir; Philip (1641 - 1691),Fellow,16/05/1667
Sklyanin; Evgeny Konstantinovich,Fellow,15/05/2008
Skolnick; Maurice Sidney,Fellow,14/05/2009
Skottsberg; Carl Johan Fredrik (1880 - 1963),Fellow,27/04/1950
Slack; Charles Roger (1937-2016),Fellow,16/03/1989
Slade; Gordon Douglas,Fellow,04/05/2017
Slanning; Sir; Nicholas (1643 - 1691),Fellow,21/12/1664
Slare; Frederick (c 1647 - 1727),Fellow,16/12/1680
Slater; Edward Charles (1917 - 2016),Fellow,20/03/1975
Slater; Sir; William Kershaw (1893 - 1970),Fellow,30/05/1957
Slatyer; Ralph Owen (1929 - 2012),Fellow,20/03/1975
Sleath; John (1767 - 1847),Fellow,23/03/1820
Slingo; Julia,Fellow,30/04/2015
Slingsby; Henry (c 1621 - c 1688),Original Fellow,22/04/1663
Sloan; Scott William (1954 - 2019),Fellow,30/04/2015
Sloane; Sir; Hans (1660 - 1753),Fellow,21/01/1685
Sloane; William (- 1767),Fellow,24/05/1722
Slusius; Renatus Franciscus (1622 - 1685),Fellow,16/04/1674
Smallman; Raymond Edward (1929 - 2015),Fellow,20/03/1986
Smeaton; John (1724 - 1792),Fellow,15/03/1753
Smee; Alfred (1818 - 1877),Fellow,10/06/1841
Smee; Walter Nugent Thomas (1801 - 1877),Fellow,10/04/1834
Smethwick; Francis (- 1682),Fellow,4/04/1667
Smiles; Samuel (1877 - 1953),Fellow,02/05/1918
Smirnove; John (fl 1825 - 1844),Fellow,5/05/1825
Smith; Adam (1723 - 1790),Fellow,21/05/1767
Smith; Adrian Frederick Melhuish,Fellow,10/05/2001
Smith; Alan Edward,Fellow,20/05/2010
Smith; Alison Mary,Fellow,28/04/2016
Smith; Andrew Benjamin,Fellow,13/05/2002
Smith; Archibald (1813 - 1872),Fellow,5/06/1856
Smith; Austin Gerard,Fellow,18/05/2006
Smith; Bernard (1881 - 1936),Fellow,11/05/1933
Smith; Charles Hamilton (1776 - 1859),Fellow,13/05/1824
Smith; Christopher Hubert Llewellyn,Fellow,15/03/1984
Smith; Colin,Fellow,30/04/2014
Smith; David,Fellow,17/03/1988
Smith; David Macleish (1900 - 1986),Fellow,20/03/1952
Smith; Donald Alexander (1820 - 1914); Baron Strathcona and Mount Royal,Statute 12,16/06/1904
Smith; Edward (1665 - 1720),Fellow,29/04/1696
Smith; Edward (c 1818 - 1874),Fellow,7/06/1860
Smith; Edward (fl 1664 - 1668),Fellow,27/01/1664
Smith; Edward (fl 1738),Fellow,19/01/1738
Smith; Edwin,Fellow,14/03/1996
Smith; Ernest Lester (1904 - 1992),Fellow,21/03/1957
Smith; Frank Thomas,Fellow,15/03/1984
Smith; Frederick John (1848 - 1911),Fellow,7/06/1894
Smith; Geoffrey Lilley,Fellow,15/05/2003
Smith; George David William (1943 -),Fellow,14/03/1996
Smith; Harry (1921 - 2011),Fellow,15/03/1979
Smith; Harry (1935 - 2015),Fellow,11/05/2000
Smith; Henry John Stephen (1826 - 1883),Fellow,6/06/1861
Smith; Herbert Williams (1919 - 1987),Fellow,20/03/1980
Smith; Ian William Murison,Fellow,09/03/1995
Smith; James (1782 - 1867),Fellow,23/12/1830
Smith; James Cuthbert (1954-),Fellow,11/03/1993
Smith; James Lorrain (1862 - 1931),Fellow,06/05/1909
Smith; John (- 1817),Fellow,11/05/1809
Smith; John Derek (1924 - 2003),Fellow,18/03/1976
Smith; John Maynard (1920 - 2004),Fellow,17/03/1977
Smith; John Pye (1774 - 1851),Fellow,23/01/1840
Smith; John Spencer (c 1770 - 1845),Fellow,10/03/1803
Smith; John Thomas (1805 - 1882),Fellow,1/06/1837
Smith; Joseph (1775 - 1857),Fellow,25/11/1819
Smith; Joseph Victor,Fellow,16/03/1978
Smith; Kenneth Manley (1892 - 1981),Fellow,17/03/1938
Smith; Matthew (1739 - 1812),Fellow,19/11/1795
Smith; Matthew (fl 1801),Fellow,26/02/1801
Smith; Michael (1932 - 2000),Fellow,20/03/1986
Smith; Peter,Fellow,04/05/2017
Smith; Robert (1689 - 1768),Fellow,5/02/1719
Smith; Robert (1747 - 1832),Fellow,24/11/1796
Smith; Robert (1752 - 1838); 1st Baron Carrington,Fellow,29/05/1800
Smith; Robert Allan (1909 - 1980),Fellow,15/03/1962
Smith; Robert Angus (1817 - 1884),Fellow,11/06/1857
Smith; Samuel Walter Johnson (1871 - 1948),Fellow,07/05/1914
Smith; Sir; Andrew (1797 - 1872),Fellow,11/06/1857
Smith; Sir; David Cecil,Fellow,20/03/1975
Smith; Sir; Frank Edward (1876 - 1970),Fellow,02/05/1918
Smith; Sir; Frank Ewart (1897 - 1995),Fellow,21/03/1957
Smith; Sir; Grafton Elliot (1871 - 1937),Fellow,02/05/1907
Smith; Sir; James Edward (1759 - 1828),Fellow,26/05/1785
Smith; Sir; James Eric (1909 - 1990),Fellow,20/03/1958
Smith; Sir; John (c 1744 - 1807),Fellow,27/05/1773
Smith; Sir; John Mark Frederick (1790 - 1874),Fellow,18/11/1841
Smith; Sir; William Cusac (1766 - 1836),Fellow,25/04/1805
Smith; Sir; William Sidney (1764 - 1840),Fellow,13/06/1811
Smith; Sir; William Wright (1875 - 1956),Fellow,22/03/1945
Smith; Stanley Desmond,Fellow,18/03/1976
Smith; Theobald (1859 - 1934),Foreign Member,02/06/1932
Smith; Thomas (1638 - 1710),Fellow,6/12/1677
Smith; Thomas (1777 - 1824),Fellow,25/04/1816
Smith; Thomas (1883 - 1969),Fellow,05/05/1932
Smith; William (1756 - 1835),Fellow,13/02/1806
Smith; William Henry (1825 - 1891),Fellow,14/02/1878
Smith; Wilson (1897 - 1965),Fellow,17/03/1949
Smithells; Arthur (1860 - 1939),Fellow,06/06/1901
Smithies; Oliver (1925 - 2017),Foreign Member,14/05/1998
Smithson; James (1765 - 1829),Fellow,19/04/1787
Smol; John Paul,Fellow,09/05/2018
Smuts; Jan Christian (1870 - 1950),Statute 12,26/06/1930
Smyth; Charles Piazzi (1819 - 1900),Fellow,11/06/1857
Smyth; David Henry (1908 - 1979),Fellow,16/03/1967
Smyth; George (c 1629 - 1702),Original Fellow,20/05/1663
Smyth; James Carmichael (1741 - 1821),Fellow,6/05/1779
Smyth; Sir; Warington Wilkinson (1817 - 1890),Fellow,3/06/1858
Smyth; William Henry (1788 - 1865),Fellow,15/06/1826
Smythe; Percy Clinton Sydney (1780 - 1855); 6th Viscount Strangford,Fellow,3/02/1825
Smythe; Sir; Sidney Stafford (1705 - 1778),Fellow,11/03/1742
Smythe; William James (1816 - 1887),Fellow,2/06/1864
Snaith; Henry James,Fellow,30/04/2015
Sneath; Peter Henry Andrews (1923 - 2011),Fellow,09/03/1995
Sneddon; Ian Naismith (1919 - 2000),Fellow,17/03/1983
Snelus; George James (1837 - 1906),Fellow,9/06/1887
Snodgrass; Thomas (- 1834),Fellow,14/11/1822
Snow; George Robert Sabine (1897 - 1969),Fellow,18/03/1948
Snowden; Christopher Maxwell,Fellow,26/05/2005
Snyder; Allan Whitenack,Fellow,15/03/1990
Soame; Sir; William (c 1644 - 1686),Fellow,21/11/1667
Soane; Sir; John (1753 - 1837),Fellow,15/11/1821
Sockett; Renee Elizabeth,Fellow,28/03/2019
Soddy; Frederick (1877 - 1956),Fellow,05/05/1910
Softley; Timothy Peter,Fellow,09/05/2018
Solander; Daniel Charles (? 1733 - 1782),Fellow,7/06/1764
Solenthal; Heinrich Friedrich de (- 1752),Fellow,12/01/1744
Sollas; William Johnson (1849 - 1936),Fellow,6/06/1889
Solly; Edward (1819 - 1886),Fellow,19/01/1843
Solly; Richard Horsman (? 1774 - 1858),Fellow,7/05/1807
Solly; Samuel (- 1847),Fellow,14/05/1812
Solly; Samuel (1805 - 1871),Fellow,19/01/1837
Solly; Samuel (c 1724 - 1807),Fellow,22/11/1792
Solly; Samuel Reynolds (c 1781 - 1866),Fellow,29/05/1823
Solms-Laubach; Herman Graf zu (1842 - 1915),Foreign Member,27/11/1902
Solomon; David Henry,Fellow,27/05/2004
Solomon; Susan,Foreign Member,15/05/2008
Solymar; Laszlo,Fellow,09/03/1995
Somers; John (? 1650 - 1716); Baron Somers of Evesham,Fellow,30/11/1698
Somerset; Charles (1660 - 1698); Marquess of Worcester,Fellow,4/06/1673
Somerville; Christopher Roland,Fellow,14/03/1991
Somerville; William (1771 - 1860),Fellow,11/12/1817
Sommerfeld; Arnold Johannes Wilhelm (1868 - 1951),Foreign Member,29/04/1926
Sommering; Samuel Thomas (1755 - 1830),Foreign Member,15/03/1827
Somogyi; Peter,Fellow,11/05/2000
Sondheimer; Franz (1926 - 1981),Fellow,16/05/1967
Sonenberg; Nahum,Fellow,18/05/2006
Sonneborn; Tracy Morton (1905 - 1981),Foreign Member,23/04/1964
Sood; Ajay Kumar,Fellow,30/04/2015
Soper; Alan,Fellow,30/04/2014
Sopwith; Thomas (1803 - 1879),Fellow,5/06/1845
Sorbiere; Samuel (1615 - 1670),Fellow,22/06/1663
Sorby; Henry Clifton (1826 - 1908),Fellow,11/06/1857
Sotheby; William (- 1766),Fellow,8/03/1744
Sotheby; William (1757 - 1833),Fellow,13/11/1794
Sousa Coutinho; Luis Pinto de (1735 - 1804),Fellow,19/04/1787
South; Sir; James (1785 - 1867),Fellow,15/02/1821
Southern; Sir; Edwin Mellor,Fellow,17/03/1983
Southey; Henry Herbert (? 1783 - 1865),Fellow,14/04/1825
Southwell; Edward (1671 - 1730),Fellow,30/11/1692
Southwell; Sir; Richard Vynne (1888 - 1970),Fellow,07/05/1925
Southwell; Sir; Robert (1635 - 1702),Original Fellow,20/05/1663
Southwell; Thomas (1698 - 1766); 2nd Baron Southwell,Fellow,13/03/1735
Southwood; Sir; Thomas Richard Edmund (1931 - 2005),Fellow,17/03/1977
Souza; Gaspar Merez de (fl 1669 - 1684),Fellow,18/11/1669
Soward; Andrew Michael,Fellow,14/03/1991
Spaidin; Nicola,Fellow,04/05/2017
Spalding; Dudley Brian,Fellow,17/03/1983
Spalding; John (- 1815),Fellow,6/07/1797
Spallanzani; Lazzaro (1729 - 1799),Fellow,2/06/1768
Spanheim; Ezekiel (1629 - 1710); Freiherr von,Fellow,3/02/1679
Sparke; Bowyer Edward (1759 - 1836),Fellow,15/03/1810
Sparks; Robert Stephen John (1949 -),Fellow,17/03/1988
Spath; Leonard Frank (1882 - 1957),Fellow,14/03/1940
Speakman; John Roger,Fellow,09/05/2018
Spear; Walter Eric,Fellow,20/03/1980
Spearman; Charles Edward (1863 - 1945),Fellow,15/05/1924
Speed; Terence,Fellow,02/05/2013
Speer; William (c 1764 - 1844),Fellow,28/05/1812
Spence; John Charles Howareth,Foreign Member,30/04/2015
Spence; Robert (1905 - 1976),Fellow,19/03/1959
Spence; William (1783 - 1860),Fellow,10/04/1834
Spencer Jones; Sir; Harold (1890 - 1960); Astronomer,Fellow,15/05/1930
Spencer; Anthony James Merrill,Fellow,19/03/1987
Spencer; Charles (1706 - 1758); 3rd Duke of Marlborough,Fellow,12/01/1744
Spencer; Charles (c 1674 - 1722); 3rd Earl of Sunderland,Fellow,30/11/1698
Spencer; Francis Almeric (1779 - 1845); 1st Baron Churchill,Fellow,10/12/1818
Spencer; George (1739 - 1817); 4th Duke of Marlborough,Fellow,25/05/1786
Spencer; Leonard James (1870 - 1959),Fellow,07/05/1925
Spencer; Robert (1640 - 1702); 2nd Earl of Sunderland,Fellow,15/05/1662
Spencer; Sir; Walter Baldwin (1860 - 1929),Fellow,14/06/1900
Spencer; William Kingdon (1878 - 1955),Fellow,07/05/1931
Sperling; Otto (1634 - 1715),Fellow,30/11/1700
Sperry; Roger Wolcott (1913 - 1994),Foreign Member,08/04/1976
Sphicas; Paraskevas,Fellow,28/03/2019
Spiegelhalter; David John,Fellow,26/05/2005
Spillantini; Maria Grazia,Fellow,02/05/2013
Spilman; James (c 1680 - 1763),Fellow,31/10/1734
Spinks; Alfred (1917 - 1982),Fellow,17/03/1977
Spitzer; Lyman (1914 - 1997),Foreign Member,28/06/1990
Spoleti; Francesco (- 1712),Fellow,15/07/1696
Spottiswoode; William (1825 - 1883),Fellow,2/06/1853
Spranger; John (1744 - 1804),Fellow,24/03/1791
Sprat; Thomas (1635 - 1713),Original Fellow,20/05/1663
Sprat; Thomas (1679 - 1720),Fellow,20/03/1712
Spratt; Brian Geoffrey,Fellow,11/03/1993
Spratt; Thomas Abel Brimage (1811 - 1888),Fellow,5/06/1856
Sprengel; Hermann Johann Phillipp (1834 - 1906),Fellow,6/06/1878
Sprengwell; Sir; Conrad Joachim (- 1740),Fellow,9/03/1721
Sprent; Jonathan,Fellow,14/05/1998
Spring; Frank Stuart (1907 - 1997),Fellow,20/03/1952
Spry; Henry Harpur (1804 - 1842),Fellow ,13/05/1841
Squire; Herbert Brian (1909 - 1961),Fellow ,25/02/1720
Squire; Samuel (1713 - 1766),Fellow ,26/01/1738
Srinivasan; Mandyam Veerambudi,Fellow ,6/06/1867
St Aubyn; Sir; John (1758 - 1839),Fellow ,1/02/1844
St George; Chevalier de (- c 1764),Fellow ,13/05/1841
St George-Hyslop; Peter Henry ,Fellow ,25/02/1720
St John; Henry (1678 - 1751); Viscount Bolingbroke,Fellow ,26/01/1738
St John; Oliver (c 1691 - 1743),Fellow ,6/06/1867
St John; St Andrew (1759 - 1817); 13th Baron St John,Fellow ,1/02/1844
 St Johnston; Robert Daniel ,Fellow ,13/05/1841
Stace; Anthony John,Fellow ,25/02/1720
Stacey; Maurice (1907 - 1994),Fellow ,26/01/1738
Stack; Thomas (- 1756),Fellow ,6/06/1867
Stafford; Godfrey Harry (1920 - 2013),Fellow ,1/02/1844
Stafford-Howard; William Matthias (? 1718 - ? 1751); 3rd Earl of Stafford,Fellow ,13/05/1841
Stainton; Henry Tibbats (1822 - 1892),Fellow ,25/02/1720
Stampfer; Joannes Adamus (- ? 1743),Fellow ,26/01/1738
Stanford; John Frederick (1815 - 1880),Fellow ,6/06/1867
Stanhope; Alexander (1638 - 1707),Original Fellow ,1/02/1844
Stanhope; Charles (1673 - 1760),Fellow ,07/07/1726
Stanhope; John Spencer (1787 - 1873),Fellow ,27/06/1816
Stanhope; Philip (1633 - 1713); 2nd Earl of Chesterfield,Fellow ,30/11/1708
Stanhope; Philip (1714 - 1786); 2nd Earl Stanhope,Fellow ,6/11/1735
Stanhope; Philip (1755 - 1815); 5th Earl of Chesterfield,Fellow ,19/12/1776
Stanhope; William (c 1690 - 1756); 1st Earl of Harrington,Fellow ,17/12/1741
Stanier; Roger Yate (1916 - 1982),Fellow ,16/03/1978
Stanier; Sir; William Arthur (1876 - 1965),Fellow ,16/03/1944
Stanley; Arthur Penrhyn (1815 - 1881),Fellow ,04/06/1683
Stanley; Edward (1779 - 1849); Bishop of Norwich,Fellow ,04/06/1840
Stanley; Edward (1793 - 1862),Fellow ,11/03/1830
Stanley; Edward (fl 1765 - 1789),Fellow ,07/03/1765
Stanley; Edward Henry (1826 - 1893); 15th Earl of Derby,Fellow ,15/12/1859
Stanley; George (- ? 1734),Fellow ,25/02/1719
Stanley; Herbert Muggleton (1903 - 1987),Fellow ,17/03/1966
Stanley; John Thomas (1766 - 1850); Baron Stanley of Alderley,Fellow ,29/04/1790
Stanley; Owen (1811 - 1850),Fellow ,03/03/1842
Stanley; Richard (1738 - 1810),Fellow ,26/05/1791
Stanley; Sir; John (1663 - 1744),Fellow ,9/11/1698
Stanley; Thomas (1625 - 1678),Original Fellow ,20/05/1663 or 21/08/1661 (JB)
Stanley; William (1647 - 1731),Fellow ,30/11/1689
Stanton; Sir; Thomas Edward (1865 - 1931),Fellow ,07/05/1914
Stanyan; Temple (c 1677 - 1752),Fellow ,12/5/1726
Stapf; Otto (1857 - 1933),Fellow ,07/05/1908
Stapledon; Sir; Reginald George (1882 - 1960),Fellow ,16/03/1939
Stark; George Robert,Fellow ,15/03/1990
Starling; Ernest Henry (1866 - 1927),Fellow ,01/06/1899
Stas; Jean-Servais (1813 - 1891),Foreign Member ,03/04/1879
Staskawicz; Brian John,Foreign Member ,28/03/2019
Staunton; James (1935 -),Fellow ,14/05/1998
Staunton; Sir; George Leonard (1737 - 1801),Fellow ,15/02/1787
Staunton; Sir; George Thomas (1781 - 1859),Fellow ,28/04/1803
Steacie; Edgar William Richard (1900 - 1962),Fellow ,18/03/1948
Stead; John Edward (1851 - 1923),Fellow ,11/06/1903
Stearne; Richard (c 1596 - 1683),Fellow ,29/03/1665
Steavens; Thomas (- 1759),Fellow ,05/03/1752
Stebbing; Henry (1716 - 1787),Fellow ,24/01/1765
Stebbing; Henry (1799 - 1883),Fellow ,03/04/1845
Stebbing; Thomas Roscoe Rede (1835 - 1926),Fellow,4/06/1896
Stebbins; George Ledyard (1906 - 2000),Foreign Member,13/05/1999
Stedman; Edgar (1890 - 1975),Fellow,17/03/1938
Steeds; John Wickham,Fellow,17/03/1988
Steel; Karen Penelope; Professor,Fellow,14/05/2009
Steele; Bertram Dillon (1870 - 1934),Fellow,15/05/1919
Steele; John Hyslop (1926 - 2013),Fellow,16/03/1978
Steenstrup; Johannes Japetus Smith (1813 - 1897),Foreign Member,18/06/1863
Steevens; George (1736 - 1800),Fellow,28/05/1767
Stehelin; Jacob de (1710 - 1785),Fellow,10/06/1773
Stehelin; John Peter (- 1753),Fellow,8/11/1739
Steigertahl; Johann Georg (c 1667 - c 1740),Fellow,11/11/1714
Steitz; Joan,Foreign Member,30/04/2014
Steitz; Thomas (1940 - 2018),Foreign Member,19/05/2011
Stenhouse; John (1809 - 1880),Fellow,9/06/1848
Stensio; Erik Helge Oswald (1891 - 1984),Foreign Member,09/05/1946
Stephan; Douglas W,Fellow,02/05/2013
Stephen Anthony,Fellow,30/04/2015
Stephens; Archibald John (1808 - 1880),Fellow,5/04/1832
Stephens; Francis (c 1739 - 1807),Fellow,7/03/1793
Stephens; Graeme Leslie,Fellow,09/05/2018
Stephens; John William Watson (1865 - 1946),Fellow,13/05/1920
Stephens; Leonard Robert,Fellow,19/05/2011
Stephens; Philip John (1940 - 2012),Fellow,15/05/2008
Stephens; Sir; Philip (1725 - 1809),Fellow,6/06/1771
Stephens; Tyringham (- 1768),Fellow,13/03/1766
Stephens; William (c 1693 - 1760),Fellow,1/12/1718
Stephenson; John (1871 - 1933),Fellow,15/05/1930
Stephenson; Marjory (1885 - 1948),Fellow,22/03/1945
Stephenson; Robert (1803 - 1859),Fellow,7/06/1849
Stephenson; Thomas Alan (1898 - 1961),Fellow,15/03/1951
Stepney; George (1663 - 1707),Fellow,30/11/1697
Steptoe; Patrick Christopher (1913 - 1988),Fellow,19/03/1987
Sterling; Robert (- 1787),Fellow,1/06/1775
Stern; Claudio Daniel,Fellow,15/05/2008
Stern; Lord; Nicholas,Fellow,30/04/2014
Steuart; John Robert (- c 1853),Fellow,15/01/1829
Stevens; Henry Stewart (- 1760),Fellow,23/10/1740
Stevens; John (- 1737),Fellow,31/10/1734
Stevens; Malcolm Francis Graham,Fellow,14/05/2009
Stevens; Thomas Stevens (1900 - 2000),Fellow,21/03/1963
Stevenson; David John,Fellow,11/03/1993
Stevenson; William Ford (- 1852),Fellow,21/11/1811
Steward; Frederick Campion (1904 - 1993),Fellow,21/03/1957
Stewart; Balfour (1828 - 1887),Fellow,5/06/1862
Stewart; Charles (1840 - 1907),Fellow,4/06/1896
Stewart; Dugald (1753 - 1828),Fellow,23/06/1814
Stewart; Henry Robert (1769 - 1822); 2nd Marquess of Londonderry,Fellow,11/11/1802
Stewart; Ian Nicholas,Fellow,10/05/2001
Stewart; John (- 1778),Fellow,23/05/1776
Stewart; Matthew (1717 - 1785),Fellow,21/06/1764
Stewart; Robert William (1923 - 2005),Fellow,19/03/1970
Stewart; Sir; Frederick Henry (1916 - 2001),Fellow,19/03/1964
Stewart; Sir; William Duncan Paterson,Fellow,17/03/1977
Stewartson; Keith (1925 - 1983),Fellow,18/03/1965
Stiernhielm; Georg (1598 - 1672),Fellow,9/12/1669
Stiglitz; Joseph Eugene,Foreign Member,14/05/2009
Stiles; Walter (1886 - 1966),Fellow,10/05/1928
Stiles; Walter Stanley (1901 - 1985),Fellow,21/03/1957
Stillingfleet; Edward (c 1660 - 1708),Fellow,30/11/1688
 Stillman; Bruce William,Fellow,11/03/1993
Stinton; George (c 1730 - 1783),Fellow,23/05/1776
Stirling; Charles (1760 - 1833),Fellow,19/06/1806
Stirling; Charles James Matthew,Fellow,20/03/1986
Stirling; Edward Hamilton (- ? 1874),Fellow,3/05/1838
Stirling; James (1692 - 1770),Fellow,3/11/1726
Stirling; Sir; Edward Charles (1848 - 1919),Fellow,01/06/1893
Stirling; Sir; James (1836 - 1916),Fellow,24/04/1902
Stirling; Sir; Walter (1758 - 1832),Fellow,05/03/1801
Stirling; William James (1953 - 2018),Fellow,25/06/2003
Stocker; Bruce Arnold Dunbar (1917 - 2004),Fellow,17/03/1966
Stockinger; Brigitta,Fellow,02/05/2013
Stockler; Francisco de Borja Garcao (1759-1829),Foreign Member,01/04/1819
Stodart; James (c 1760-1823),Fellow,07/06/1821
Stoddart; James Fraser; Sir,Fellow,10/03/1994
Stoicheff; Boris Peter,Fellow,20/03/1975
Stoker; Sir; Michael George Parke (1918-2013),Fellow,21/03/1968
Stokes; Charles (1784-1853),Fellow,18/01/1821
Stokes; Sir; George Gabriel (1819 - 1903),Fellow,05/06/1851
Stokes; William (1804 - 1878),Fellow,05/06/1861
Stoll; Arthur (1887 - 1971),Foreign Member ,24/04/1958
Stolper; Edward,Foreign Member ,19/05/2011
Stommel; Henry Melson (1920 - 1992),Foreign Member ,30/06/1983
Stone; Edmund (1700 - 1768),Fellow,15/04/1725
Stone; Edward James (1831 - 1897),Fellow,04/06/1868
Stone; Francis Gordon Albert,Fellow,18/03/1976
Stoneham; Arthur Marshall,Fellow,16/03/1989
Stoneley; Robert (1894 - 1976),Fellow,16/05/1935
Stoner; Edmund Clifton (1899 - 1968),Fellow,06/05/1937
Stoney; Bindon Blood (1828 - 1909),Fellow,02/06/1881
Stoney; George Gerald (1863 - 1942),Fellow,04/05/1911
Stoney; George Johnstone (1826 - 1911),Fellow,06/06/1861
Stopford; John Sebastian Bach (1888 - 1961); Baron Stopford of Fallowfield,Fellow,12/05/1927
Storer; John (- 1839),Fellow,27/06/1816
Storey; Harold Haydon (1894 - 1969),Fellow,21/04/1946
Stork; Gilbert (1921 - 2017),Foreign Member ,13/05/1999
Stormer; Frederik Carl Mulertz (1874 - 1957),Foreign Member ,19/04/1951
Story; Anthony Mervin Reeve (1791 - 1879),Fellow,27/11/1823
Story-Maskelyne; Mervyn Herbert Nevil (1823 - 1911),Fellow,02/06/1870
Stowell; Michael James,Fellow,15/03/1984
Stoye; Jonathan Paul,Fellow,04/05/2017
Stracey; Sir; Edward Hardinge John (1768 - 1851),Fellow,07/06/1810
Strachey; John (1671 - 1743),Fellow,05/11/1719
Strachey; Sir; Richard (1817 - 1908),Fellow,01/06/1854
Stradling; Sir; Reginald Edward (1891 - 1952),Fellow,18/03/1943
Strahan; Sir; Aubrey (1852 - 1928),Fellow,11/06/1903
Strang; William John (1921 - 1999),Fellow,17/03/1977
Strange; Alexander (1818 - 1876),Fellow,02/06/1864
Strange; John (1732 - 1799),Fellow,10/04/1766
Strangeways; Giles (1615 - 1675),Fellow,11/12/1673
Strangways; William Thomas Horner Fox (1795 - 1865); 4th Earl of Ilchester,Fellow,08/03/1821
Strank; Dame; Angela Rosemary Emily,Fellow,09/05/2018
Strasburger; Eduard Adolf (1844 - 1912),Foreign Member ,26/11/1891
Stratford; Edward (1736 - 1801); 2nd Earl of Aldborough,Fellow,29/05/1777
Stratford; William Samuel (1789 - 1853),Fellow,09/06/1832
Strathmore; James Lyon (1702 - 1735),Fellow,11/05/1732
Stratico; Simone (1733 - 1824),Fellow,19/01/1764
Straton; Sir; Joseph (- 1840),Fellow,6/05/1830
Stratton; Frederick John Marrian (1881 - 1960),Fellow,20/03/1947
Stratton; George Frederick (1779 - ? 1833),Fellow,5/02/1807
Stratton; Michael Rudolf,Fellow,15/05/2008
Strausfeld; Nicholas James,Fellow,13/05/2002
Strickland; Hugh Edwin (1811 - 1853),Fellow,3/06/1852
Stringer; Christopher Brian,Fellow,27/05/2004
Stromeyer; Friedrich (1776 - 1835),Foreign Member,15/03/1827
Strutt; Edward (1801 - 1880); 1st Baron Belper,Fellow,22/03/1860
Strutt; John William (1842 - 1919); 3rd Baron Rayleigh,Fellow,12/06/1873
Strutt; Robert John (1875 - 1947); 4th Baron Rayleigh,Fellow,11/05/1905
Strutt; William (1756 - 1830),Fellow,26/06/1817
Struve; Friedrich Georg Wilhelm (1793 - 1864),Foreign Member,15/03/1827
Struve; Otto (1897 - 1963),Fellow,29/04/1954
Struve; Otto Wilhelm (1819 - 1905),Foreign Member,27/11/1873
Struyck; Nicholas (1686 - 1769),Fellow,22/02/1750
Strynadka; Natalie Catherine Jane,Fellow,30/04/2015
Strzelecki; Sir; Paul Edmund de (1797 - 1873),Fellow,2/06/1853
Stuart; Alexander (c 1673 - 1742),Fellow,30/11/1714
Stuart; Charles (c 1682 - 1770),Fellow,25/02/1720
Stuart; David Ian,Fellow,14/03/1996
Stuart; James (1713 - 1788),Fellow,27/04/1758
Stuart; John (1744 - 1814); 1st Marquess of Bute,Fellow,12/12/1799
Stuart; John Trevor,Fellow,21/03/1974
Stuart; Sir; Nicholas (c 1618 - 1710),Fellow,24/10/1667
Stuart-Wortley; John (1801 - 1855); 2nd Baron Wharncliffe,Fellow,4/06/1829
Stubblefield; Sir; Cyril James (1901 - 1999),Fellow,16/03/1944
Stubs; Philip (1665 - 1738),Fellow,30/11/1703
Stukeley; William (1687 - 1765),Fellow,13/03/1718
Sturges-Bourne; William (1769 - 1845),Fellow,20/04/1826
Sturm; Jacob Karl Franz (1803 - 1855),Foreign Member,4/06/1840
Suasso; Alvaro Lopez (- 1752),Fellow,24/04/1735
Suckling; Charles Walter (1920 - 2013),Fellow,16/03/1978
Sucksmith; Willie (1896 - 1981),Fellow,14/03/1940
Sudhof; Thomas Christian,Foreign Member,04/05/2017
Sue; Jean Joseph (1710 - 1792),Fellow,18/12/1760
Suess; Eduard (1831 - 1914),Foreign Member,26/04/1894
Sueur; Thomas Le (fl 1741),Fellow,10/12/1741
Sugden; Samuel (1892 - 1950),Fellow,03/05/1934
Sugden; Sir; Theodore Morris (1919 - 1984),Fellow,21/03/1963
Sullivan; Sir; Richard Joseph (1752 - 1806),Fellow,22/12/1785
Sulston; Sir; John Edward (1942-2018),Fellow,20/03/1986
Summons; Roger Everett,Fellow,15/05/2008
Sumner; John Bird (1780 - 1862); Archbishop of Canterbury,Fellow,14/12/1848
Sunyaev; Rashid A,Foreign Member,14/05/2009
Superville; Daniel de (1696 - c 1770),Fellow,12/02/1741
Supple; Sir; Richard Brooke (1758 - 1829),Fellow,1/05/1788
Sur; Mriganka (1953 -),Fellow,18/05/2006
Surani; M Azim,Fellow,15/03/1990
Sutcliffe; Reginald Cockcroft (1904 - 1991),Fellow,21/03/1957
Sutherland; Alexander John (1811 - 1867),Fellow,18/06/1846
Sutherland; Alexander Robert (c 1772 - 1861),Fellow,13/03/1828
Sutherland; Grant Robert,Fellow,14/03/1996
Sutherland; John David,Fellow,04/05/2017
Sutherland; Sir; Gordon Brims Black McIvor (1907 - 1980),Fellow,17/03/1949
Sutton; Adrian Peter,Fellow,15/05/2003
Sutton; John (1919 - 1992),Fellow,17/03/1966
Sutton; Leslie Ernest (1906 - 1992),Fellow,16/03/1950
Sutton; Sir; Oliver Graham (1903 - 1977),Fellow,17/03/1949
Svedburg; Theodor (1884 - 1971),Foreign Member,15/06/1944
Svedelius; Nils Eberhard (1873 - 1960),Foreign Member,15/06/1944
Svejstrup; Jesper Qualmann; Dr ,Fellow,14/05/2009
Swainson; William (1789 - 1855),Fellow,14/12/1820
Swallow; John Crossley (1923 - 1994),Fellow,21/03/1968
Swaminathan; Monkombu Sambasivan ,Fellow,15/03/1973
Swan; Sir; Joseph Wilson (1828 - 1914),Fellow,7/06/1894
Swann; Michael Meredith (1920 - 1990); Baron Swann of Coln St Denys,Fellow,15/03/1962
Swanston; Clement Tudway (1783 - 1863),Fellow,14/03/1839
Swanton; Robert Charles ,Fellow,09/05/2018
Swarup; Govind ,Fellow,14/03/1991
Sweeting; Sir; Martin Nicholas ,Fellow,11/05/2000
Swieten; Gerhard van (1700 - 1772),Fellow,4/05/1749
Swinburne; Sir; James (1858 - 1958),Fellow,03/05/1906
Swinburne; Sir; John Edward (1762 - 1860),Fellow,26/02/1818
Swinden; Philip van (fl 1772 - 1787),Fellow,2/04/1772
Swinhoe; Robert (1836 - 1877),Fellow,1/06/1876
Swinnerton-Dyer; Sir; Henry Peter Francis (1927 - 2018),Fellow,16/03/1967
Swinney; Sidney (- 1783),Fellow,16/02/1764
Swinton; Alan Archibald Campbell (1863 - 1930),Fellow,06/05/1915
Swinton; John (1703 - 1777),Fellow,16/10/1729
Sydenham; Sir; Philip (c 1676 - 1739),Fellow,30/11/1700
Sykes; Alfred Geoffrey (1934 - 2007),Fellow,13/05/1999
Sykes; Brian Douglas; Biochemist,Fellow,11/05/2000
Sykes; Sir; Charles (1905 - 1982),Fellow,18/03/1943
Sykes; Sir; Richard Brook ,Fellow,15/05/1997
Sykes; William Henry (1790 - 1872),Fellow,6/02/1834
Sylvester; James Joseph (1814 - 1897),Fellow,25/04/1839
Sylvius; Jacobus (c 1647 - 1689),Fellow,9/03/1687
Symes; Michael (c 1753 - 1809),Fellow,18/12/1800
Symington; Johnson (1851 - 1924),Fellow,11/06/1903
Symmer; Robert (- 1763),Fellow,15/11/1753
Symmons; John (- 1832),Fellow,10/07/1794
Symonds; Sir; William (1782 - 1856),Fellow,4/06/1835
Symons; George James (1838 - 1900),Fellow,6/06/1878
Symons; Martyn Christian Raymond (1925 - 2002),Fellow,21/03/1985
Symons; Robert Henry (1934 - 2006),Fellow,17/03/1988
Synge; John Lighton (1897 - 1995),Fellow,18/03/1943
Synge; Richard Laurence Millington (1914 - 1994),Fellow,16/03/1950
Szentagothai; Janos (1912 - 1994),Foreign Member,20/04/1978
Szostak; Jack William ,Fellow,28/03/2019
Szwarc; Michael (1909 - 2000),Fellow,17/03/1966
Tabor; David (1913 - 2005),Fellow,21/03/1963
Tacchini; Pietro (1838 - 1905),Foreign Member,26/11/1891
Taglini; Carlo (1679 - 1747),Fellow,1/02/1733
Tait; Archibald Campbell (1811 - 1882),Fellow,27/01/1859
Tait; James Francis (1925 - 2014),Fellow,19/03/1959
Tait; Sylvia Agnes Sophia (1917 - 2003),Fellow,19/03/1959
Talbot; Charles Chetwynd (1777 - 1849); 2nd Earl Talbot of Hensol,Fellow,6/05/1813
Talbot; Christopher Rice Mansel (1803 - 1890),Fellow,17/03/1831
Talbot; James (1805 - 1883); Baron Talbot de Malahide,Fellow,18/02/1858
Talbot; Nicholas ,Fellow,30/04/2014
Talbot; Sir; Gilbert (c 1607 - 1695),Original Fellow,22/04/1663
Talbot; Sir; John (1630 - 1714),Fellow,29/07/1663
Talbot; William (c 1719 - 1768),Fellow,16/12/1742
Talbot; William Henry Fox (1800 - 1877),Fellow,17/03/1831
Talling; John Francis (1929 - 2017),Fellow,16/03/1978
Tam; Patrick Ping Leung,Fellow,19/05/2011
Tanksley; Steven Dale,Foreign Member,14/05/2009
Tanner; Henry William Lloyd (1851 - 1915),Fellow,1/06/1899
Tanner; Joseph (- 1724),Fellow,30/11/1710
Tanner; Roger Ian,Fellow,10/05/2001
Tansley; Sir; Arthur George (1871 - 1955),Fellow,06/05/1915
Tao; Terence Chi-Shen,Fellow,17/05/2007
Tata; Jamshed Rustom,Fellow,15/03/1973
Tattam; Henry (? 1788 - 1868),Fellow,5/02/1835
Taube; Henry (1915 - 2005),Foreign Member,30/06/1988
Taunton; Richard (c 1774 - 1838),Fellow,2/04/1835
Tavar; Simon,Fellow,19/05/2011
Tavel; George Frederic (c 1773 - 1829),Fellow,29/01/1818
Tayler; Roger John (1929 - 1997),Fellow,09/03/1995
Taylor; (James) Roy,Fellow,04/05/2017
Taylor; Alfred Swaine (1806 - 1880),Fellow,20/11/1845
Taylor; Andrew Dawson,Fellow,28/03/2019
Taylor; Brook (1685 - 1731),Fellow,20/03/1712
Taylor; Charles (c 1693 - 1766),Fellow,1/11/1722
Taylor; Edward Wilfred (1891 - 1980),Fellow,20/03/1952
Taylor; Edwin William (1929 -),Fellow,16/03/1978
Taylor; George Watson (- 1841),Fellow,16/02/1826
Taylor; Henry Martyn (1842 - 1927),Fellow,9/06/1898
Taylor; James Haward (1909 - 1968),Fellow,24/03/1960
Taylor; John (1779 - 1863),Fellow,5/05/1825
Taylor; John Bryan,Fellow,19/03/1970
Taylor; John Clayton,Fellow,19/03/1981
Taylor; Richard Edward,Fellow,15/05/1997
Taylor; Richard Lawrence,Fellow,09/03/1995
Taylor; Robert (1710 - 1762),Fellow,23/06/1737
Taylor; Sir; Geoffrey Ingram (1886 - 1975),Fellow,15/05/1919
Taylor; Sir; George (1904 - 1993),Fellow,21/03/1968
Taylor; Sir; Hugh Stott (1890 - 1971),Fellow,05/05/1932
Taylor; Sir; John (c 1744 - 1786),Fellow,9/05/1776
Taylor; Sir; John Michael,Fellow,14/05/1998
Taylor; Thomas Glanville (1804 - 1848),Fellow,10/02/1842
Taylor; William (1790-1870),Fellow,21/01/1836
Taylor; William (1865 - 1937),Fellow,03/05/1934
Tchebitchev; Pafnuti Livowitsch (1821 - 1894),Foreign Member,13/12/1877
Teale; Thomas Pridgen (1800 - 1867),Fellow,5/06/1862
Teale; Thomas Pridgin (1831 - 1923),Fellow,7/06/1888
Teall; Sir; Jethro Justinian Harris (1849 - 1924),Fellow,5/06/1890
Teighe; Michael (- 1784),Fellow,10/03/1774
Teissier; George Lewis (- 1742),Fellow,4/11/1725
Telegdi; Valentine Louis (1922 - 2006),Foreign Member,15/05/2003
Telford; Thomas (1757 - 1834),Fellow,31/05/1827
Temin; Howard Martin (1934 - 1994),Foreign Member,30/06/1988
Tempest; William (1682 - 1761),Fellow,1/12/1712
Temple; George Frederick James (1901 - 1992),Fellow,18/03/1943
Temple; Henry (1739 - 1802); 2nd Viscount Palmerston,Fellow,7/11/1776
Temple; Henry John (1784 - 1865); 3rd Viscount Palmerston,Fellow,17/03/1853
Temple; Sir; Richard (1826 - 1902),Fellow,12/03/1896
Tennant; James Francis (1829 - 1915),Fellow,3/06/1869
Tennant; Smithson (1761 - 1815),Fellow,13/01/1785
Tennent; John Van Brugh (1737 - 1770),Fellow,13/06/1765
Tennent; Sir; James Emerson (1804 - 1869),Fellow,5/06/1862
Tennyson D'Eyncourt; Charles Tennyson D' (1784 - 1861),Fellow,19/02/1829
Tennyson D'Eyncourt; Sir; Eustace Henry William (1868 - 1951); naval architect,Fellow,12/05/1921
Tennyson; Alfred (1809 - 1892); 1st Baron Tennyson,Fellow,1/06/1865
Tennyson; Jonathan,Fellow,14/05/2009
Terne; Christopher (1620 - 1673),Original Fellow,20/05/1663
Terry; Charles (- 1859),Fellow,5/12/1833
Terzopoulos; Nicholas,Fellow,30/04/2014
Tessier-Lavigne; Marc Trevor,Fellow,10/05/2001
Thakker; Rajesh,Fellow,30/04/2014
Thatcher; Margaret Hilda (1925 - 2013); Baroness Thatcher of Kesteven in the County of Lincolnshire,Statute 12,30/06/1983
Thenard; Louis Jacques (1777 - 1857),Foreign Member,9/12/1824
Theobald; James (- 1759),Fellow,4/11/1725
Theorell; Axel Hugo Theodor (1903 - 1982),Foreign Member,23/04/1959
Thesiger; Frederick (1794 - 1878); Baron Chelmsford,Fellow,19/06/1845
Thieuillier; Louis Jean Le (- 1751),Fellow,22/02/1750
Thimann; Kenneth Vivian (1904 - 1997),Foreign Member,24/04/1969
Thiselton-Dyer; Sir; William Turner (1843 - 1928),Fellow,3/06/1880
Thistlethwayte; Alexander (c 1718 - 1771),Fellow,21/04/1757
Thoday; David (1883 - 1964),Fellow,19/03/1942
Thoday; John Marion,Fellow,18/03/1965
Thode; Henry George (1910 - 1997),Fellow,18/03/1954
Thom; Frederic de (fl 1723 - 1736),Fellow,6/11/1729
Thomas; Christian David,Fellow,19/04/2012
Thomas; Christopher David,Fellow,19/04/2012
Thomas; Dame; Jean Olwen; Chemist,Fellow,20/03/1986
Thomas; Edward (- 1779),Fellow,21/06/1770
Thomas; Edward (1813 - 1886),Fellow,8/06/1871
Thomas; Herbert Henry (1876 - 1935),Fellow,12/05/1927
Thomas; Honoratus Leigh (1769 - 1846),Fellow,16/01/1806
Thomas; Hugh Hamshaw (1885 - 1962),Fellow,03/05/1934
Thomas; Hywel Rhys,Fellow,19/04/2012
Thomas; Jean Olwen,Fellow,20/03/1986
Thomas; Jennifer Anne,Fellow,04/05/2017
Thomas; Meirion (1894 - 1977),Fellow,17/03/1949
Thomas; Michael Rogers Oldfield (1858 - 1929),Fellow,06/06/1901
Thomas; Richard Paul Winsley,Fellow,30/04/2015
Thomas; Robert Kemeys,Fellow,14/05/1998
Thomas; Roger Christopher,Fellow,16/03/1989
Thomas; Sir; John Meurig; Chemist,Fellow,17/03/1977
Thomas; Sir; Noah (1720 - 1792),Fellow,25/01/1753
Thompson; Benjamin (1753 - 1814); Count Rumford; Physicist,Fellow,22/04/1779
Thompson; John Griggs,Fellow,15/03/1979
Thompson; John Michael Tutill,Fellow,21/03/1985
Thompson; Robert Henry Stewart (1912 - 1998),Fellow,21/03/1974
Thompson; Silvanus Phillips (1851 - 1916); Physicist and Electrical Engineer,Fellow,4/06/1891
Thompson; Sir; D'Arcy Wentworth (1860 - 1948); Naturalist and Mathematician,Fellow,11/05/1916
Thompson; Sir; Harold Warris (1908 - 1983); Knight Chemist,Fellow,21/03/1946
Thompson; Sir; Peter (- 1770),Fellow,20/11/1746
Thompson; Theophilus (1807 - 1860); Physician,Fellow,22/01/1846
Thompson; Thomas Perronet (1783 - 1869),Fellow,20/11/1828
Thompson; William Robin (1887 - 1972); Entomologist,Fellow,11/05/1933
Thomsen; Hans Peter Jurgen Julius (1826 - 1909),Foreign Member,27/11/1902
Thomson; Allen (1809 - 1884),Fellow,9/06/1848
Thomson; Andrew James,Fellow,11/03/1993
Thomson; James (1779 - 1850),Fellow,20/12/1821
Thomson; James (1822 - 1892),Fellow,7/06/1877
Thomson; John (1765 - 1846),Fellow,3/06/1824
Thomson; John Deas (c 1763 - 1838),Fellow,16/11/1820
Thomson; John Millar (1849 - 1933),Fellow,3/06/1897
Thomson; Robert Dundas (1810 - 1864),Fellow,1/06/1854
Thomson; Samuel Wells (c 1740 - 1778),Fellow,8/11/1770
Thomson; Sir; Alexander (1744 - 1817),Fellow,9/02/1786
Thomson; Sir; Charles Thomas Wyville (1830 - 1882); Knight Naturalist,Fellow,3/06/1869
Thomson; Sir; George Paget (1892 - 1975),Fellow,15/05/1930
Thomson; Sir; Joseph John (1856 - 1940); Knight Physicist,Fellow,12/06/1884
Thomson; Thomas (1773 - 1852),Fellow,28/03/1811
Thomson; Thomas (1817 - 1878),Fellow,7/06/1855
Thomson; William (1761 -),Fellow,16/03/1786
Thomson; William (1819 - 1890),Fellow,19/02/1863
Thomson; William (1824 - 1907); Baron Kelvin of Largs; Physicist,Fellow,5/06/1851
Thoresby; Ralph (1658 - 1725); Antiquary and Topographer,Fellow,30/11/1697
Thorne-Thorne; Sir; Richard (1841 - 1899),Fellow,5/06/1890
Thorneycroft; Sir; John Isaac (1843 - 1928),Fellow,1/06/1893
Thornhill; Sir; James (1675 - 1734),Fellow,2/05/1723
Thornton; Henry Sykes (1800 - 1881),Fellow,10/04/1834
Thornton; Janet M,Fellow,13/05/1999
Thornton; Sir; Edward (1766 - 1852),Fellow,7/06/1810
Thornton; Sir; Henry Gerard (1892 - 1977),Fellow,20/03/1941
Thorp; Charles (1783 - 1862),Fellow,30/05/1839
Thorpe; John (1682 - 1750),Fellow,30/11/1705
Thorpe; Sir; Jocelyn Field (1872 - 1940),Fellow,07/05/1908
Thorpe; Sir; Thomas Edward (1845 - 1925); Chemist,Fellow,1/06/1876
Thorpe; Stephen Austen,Fellow,14/03/1991
Thorpe; William Homan (1902 - 1986),Fellow,15/03/1951
Thouless; David James (1934-2019),Fellow,15/03/1979
Threlfall; Sir; Richard (1861 - 1932),Fellow,1/06/1899
Thrush; Brian Arthur,Fellow,18/03/1976
Thruston; Malachy (c 1628 - 1701),Fellow,17/05/1665
Thuillier; Sir; Henry Edward Landor (1813 - 1906),Fellow,3/06/1869
Thunberg; Carl Peter (1743 - 1828),Fellow,3/04/1788
Thursby; George Augustus (c 1771 - 1836),Fellow,4/07/1816
Thwaites; George Henry Kendrick (1811 - 1882),Fellow,1/06/1865
Thynne; Thomas (1640 - 1714); 1st Viscount Weymouth,Fellow,23/11/1664
Tiarks; John Lewis (1789 - 1837),Fellow,3/03/1825
Tibshirani; Robert John,Fellow,28/03/2019
Tickle; Cheryll Anne,Fellow,14/05/1998
Tiedemann; Friedrich (1781 - 1861),Foreign Member,9/06/1832
Tiegs; Oscar Werner (1897 - 1956),Fellow,16/03/1944
Tierney; Mark Aloysius (1795 - 1862),Fellow,25/02/1841
Tighe; Richard (- 1736),Fellow,30/11/1708
Tighe; Robert Stearne (1760 - 1835),Fellow,18/04/1793
Tilden; Sir; William Augustus (1842 - 1926),Fellow,3/06/1880
Tilghman; Shirley Marie,Fellow,09/03/1995
Till; James Edgar,Fellow,11/05/2000
Tilley; Cecil Edgar (1894 - 1973),Fellow,17/03/1938
Tilli; Michaelangelo (1655 - 1740),Fellow,30/11/1708
Tillmann; Ulrike Louise,Fellow,15/05/2008
Tillotson; John (1630 - 1694),Fellow,25/01/1672
Tillyard; Robin John (1881 - 1937),Fellow,07/05/1925
Tilman; George David,Foreign Member,04/05/2017
Tilson; George (c 1672 - 1738),Fellow,22/05/1735
Timiriazeff; Clement Arkadevich (1843 - 1920),Foreign Member,09/11/1911
Timmis; Kenneth Nigel,Fellow,15/05/2008
Timmis; Kenneth Nigel,Fellow,15/05/2008
Timone; Emanuele (1665 - 1741),Fellow,30/11/1703
Timoshenko; Stephen Prokofievitch (1878 - 1972),Foreign Member,15/06/1944
Tinbergen; Nikolaas (1907 - 1988),Fellow,25/03/1962
Tiselius; Arne Wilhelm Kaurin (1902 - 1971),Foreign Member,09/05/1957
Tissington; Anthony (1703 - 1776),Fellow,29/01/1767
Tissot; Simon Andre (1728 - 1797),Fellow,20/03/1760
Titchmarsh; Edward Charles (1899 - 1963),Fellow,07/05/1931
Tite; Sir; William (1798 - 1873),Fellow,2/04/1835
Titsingh; Isaac (? 1740 - 1812),Fellow,22/06/1797
Titus; Silas (c 1623 - 1704),Fellow,14/01/1669
Tizard; Sir; Henry Thomas (1885 - 1959),Fellow,06/05/1926
Tizard; Thomas Henry (1839 - 1924); Hydrographer,Fellow,4/06/1891
Toaldo; Giuseppe (1719 - 1797),Fellow,5/06/1777
Tobias; Phillip Vallentine (1925 - 2012),Fellow,14/03/1996
Todd; Alexander Robertus (1907 - 1997); Baron Todd of Trumpington,Fellow,19/03/1942
Todd; Charles (1869 - 1957),Fellow,15/05/1930
Todd; John Andrew; Professor,Fellow,14/05/2009
Todd; John Arthur (1908 - 1994),Fellow,18/03/1948
Todd; Robert Bentley (1809 - 1860),Fellow,8/02/1838
Todd; Sir; Charles (1826 - 1910),Fellow,6/06/1889
Todhunter; Isaac (1820 - 1884); Mathematician,Fellow,5/06/1862
Toit; Alexander Logie Du (1878 - 1948),Fellow,18/03/1943
Toit; Petrus Johann Du (1888 - 1967),Fellow,15/03/1951
Toland; John Francis,Fellow,13/05/1999
Tolansky; Samuel (1907 - 1973),Fellow,20/03/1952
Tollemache; Wilbraham (1739 - 1821); 6th Earl of Dysart,Fellow,7/11/1805
Tollervey; David,Fellow,27/05/2004
Tollet; George (c 1684 - 1714),Fellow,11/06/1713
Tomes; Sir; Charles Sissmore (1846 - 1928),Fellow,6/06/1878
Tomes; Sir; John (1815 - 1895),Fellow,6/06/1850
Tomline; Sir; George Pretyman (1750 - 1827),Fellow,17/03/1785
Tomline; William Edward (c 1786 - 1836),Fellow,19/11/1812
Tomlinson; Charles (1808 - 1897),Fellow,6/06/1867
Tomlinson; Herbert (1846 - 1931),Fellow,6/06/1889
Tomlinson; Ian Philip Mark,Fellow,28/03/2019
Tompkins; Frederick Clifford (1910 - 1995),Fellow,17/03/1955
Tompson; Robert (c 1676 - 1713),Fellow,6/05/1702
Tonks; Nicholas Kester,Fellow,10/05/2001
Tooke; Andrew (1673 - 1732),Fellow,30/11/1704
Tooke; Thomas (1774 - 1858),Fellow,22/03/1821
Tooke; William (1744 - 1820),Fellow,5/06/1783
Tooke; William (1777 - 1863),Fellow,12/03/1818
Tooze; John,Fellow,10/03/1994
Topham; John (1746 - 1803),Fellow,15/04/1779
Topley; William (1841 - 1894),Fellow,7/06/1888
Topley; William Whiteman Carlton (1886 - 1944),Fellow,15/05/1930
Torkos; Justus Johann (1699 - 1771),Fellow,16/01/1752
Torrens; Robert (1780 - 1864),Fellow,17/12/1818
Torres; Joseph Ignacio de (- 1807),Fellow,7/12/1758
Torriano; Alexander (1667 - 1717),Fellow,30/11/1691
Torti; Francesco (1658 - 1741),Fellow,14/11/1717
Toschi; Giulio Carlo Fagnano dei (1682 - 1766); Marquis of Sant' Onofrio,Fellow,30/11/1723
Totaro; Burt James,Fellow,14/05/2009
Tough; Charles (c 1692 - 1754),Fellow,22/02/1750
Toumazou; Christofer,Fellow,15/05/2008
Towneley; Charles (1803 - 1876),Fellow,17/11/1842
Towneley; John (fl 1797 - 1814),Fellow,4/05/1797
Towneley; Peregrine Edward (c 1763 - 1847),Fellow,17/12/1812
Townes; Charles Hard,Foreign Member,08/04/1976
Townley; Charles (1737 - 1805),Fellow,10/03/1791
Townley; George (c 1777 - 1854),Fellow,07/11/1822
Townsend; Alain Robert Michael,Fellow,12/03/1992
Townsend; Albert Alan,Fellow,24/03/1960
Townsend; Isaac (- 1765),Fellow,22/02/1750
Townsend; Paul Kingsley,Fellow,11/05/2000
Townsend; Richard (1821 - 1884),Fellow,07/06/1866
Townsend; Sir; John Sealy Edward (1868 - 1957),Fellow,11/06/1903
Townshend; Charles (1675 - 1738); 2nd Viscount Townshend,Fellow,03/04/1706
Townshend; George (1755 - 1811); 2nd Marquess Townshend,Fellow,15/02/1781
Toynbee; Joseph (1815 - 1866),Fellow,10/03/1842
Tozzi; Bruno (1656 - 1743),Fellow,06/05/1714
Traherne; John Montgomery (1788 - 1860),Fellow,29/05/1823
Trail; James William Helenus (1851 - 1919),Fellow,01/06/1893
Traquair; Ramsay Heatley (1840 - 1912),Fellow,02/06/1881
Travagino; Francesco (c 1623 -1678),Fellow,10/02/1676
Travers; Benjamin (1783 - 1858),Fellow,16/11/1815
Travers; Morris William (1872 - 1961),Fellow,05/05/1904
Trefethen; Lloyd Nicholas,Fellow,26/05/2005
Treisman; Anne Marie,Fellow,16/03/1989
Treisman; Richard Henry (1954 - 2018),Fellow,10/03/1994
Tremaine; Scott Duncan,Fellow,10/03/1994
Trembley; Abraham (1710 - 1784),Fellow,19/05/1743
Trentham; David Rostron,Fellow,18/03/1982
Treub; Melchior (1851 - 1910),Foreign Member,01/06/1899
Trevan; John William (1887 - 1956),Fellow,21/03/1946
Trevelyan; George Macauley (1876 - 1962),Statute 12,18/05/1950
Trevor; John (1695 - 1764); 3rd Baron Trevor of Bromham,Fellow,14/11/1728
Trevor; Robert (1706 - 1783); Viscount Hampden,Fellow,13/12/1764
Trevor; Thomas (1658 - 1730); 1st Baron Trevor of Bromham,Fellow,01/12/1707
Trevor; Thomas (c 1692 - 1753); 2nd Baron Trevor of Bromham,Fellow,09/03/1727
Trew; Christopher Jacob (1696 - 1769),Fellow,17/04/1746
Trewavas; Anthony James,Fellow,13/05/1999
Triewald; Martin (1691 - 1747),Fellow,01/07/1731
Trimen; Henry (1843 - 1896),Fellow,07/06/1888
Trimen; Roland (1840 - 1916),Fellow,07/06/1883
Tristram; Henry Baker (1822 - 1906),Fellow,04/06/1868
Tronchin; Theodore (1709 - 1781),Fellow,18/03/1762
Troni; Nicolo (1685 - 1772),Fellow,10/11/1715
Trotter; John (c 1766 - 1833),Fellow,08/07/1802
Trotter; Wilfred Batten Lewis (1872 - 1939),Fellow,07/05/1931
Troughton; Edward (1753 - 1835),Fellow,15/03/1810
Troup; Robert Scott (1874 - 1939),Fellow,06/05/1926
Trouton; Frederick Thomas (1863 - 1922),Fellow,03/06/1897
Trudinger; Neil Sidney,Fellow,15/03/1997
Trueman; Sir; Arthur Elijah (1894 - 1956),Fellow,19/03/1942
Trumbull; Sir; William (1639 - 1716),Fellow,30/11/1692
Trye; Charles Brandon (1757 - 1811),Fellow,17/12/1807
Tsien; Roger Yonchien,Foreign Member,18/05/2006
Tsui; Lap-Chee,Fellow,14/03/1991
Tufnell; George Foster (1723 - 1788),Fellow,20/04/1758
Tufnell; Samuel (1682 - 1758),Fellow,04/05/1709
Tuke; Sir; Samuel (- 1674),Original Fellow,20/05/1663
Tukey; John Wilder (1915 - 2000),Foreign Member,20/06/1991
Tulk; Charles Augustus (1786 - 1849),Fellow,14/11/1822
Tulloch; James (1788 - 1863),Fellow,18/05/1843
Tulving; Endel,Fellow,12/03/1992
Tunstall; Marmaduke (1743 - 1790),Fellow,11/04/1771
Tupper; Martin (1780 - 1844),Fellow,05/02/1835
Tupper; Martin Farquhar (1810 - 1889),Fellow,10/04/1845
Turbilly; Francois Henri (1712 - 1776),Fellow,22/04/1762
Turing; Alan Mathison (1912 - 1954),Fellow,15/03/1951
Turnbull; Alan,Fellow,02/05/2013
Turnbull; Doug,Fellow,28/03/2019
Turnbull; Herbert Westren (1885 - 1961),Fellow,05/05/1932
Turnbull; Hubert Maitland (1875 - 1955),Fellow,16/03/1939
Turnbull; John (c 1740 - 1816),Fellow,17/11/1791
Turnbull; Peter Evan (1786 - 1852),Fellow,05/06/1817
Turnbull; Thomas Smith (1794 - 1876),Fellow,17/03/1831
Turner; Adair (1955 -); Baron Turner of Ecchinswell,Honorary Fellow,28/04/2016
Turner; Bryan,Fellow,30/04/2015
Turner; Charles Hampden (- 1856),Fellow,24/05/1821
Turner; David Warren,Fellow,15/03/1973
Turner; Dawson (1775 - 1858),Fellow,09/12/1802
Turner; Edmond (fl 1710 - 1722),Fellow,11/03/1714
Turner; Edward (1796 - 1837),Fellow,04/03/1830
Turner; Eustace Ebenezer (1893 - 1966),Fellow,16/03/1939
Turner; Grenville,Fellow,20/03/1980
Turner; Herbert Hall (1861 - 1930),Fellow ,03/06/1897
Turner; James Johnson,Fellow,12/03/1992
Turner; John Stewart,Fellow,18/03/1982
Turner; Samuel (c 1749 - 1802),Fellow,15/01/1801
Turner; Samuel (fl 1815),Fellow,21/12/1815
Turner; Shallet (1692 - 1762),Fellow,26/03/1741
Turner; Sir; George James (1798 - 1867),Fellow,16/03/1865
Turner; Sir; Tomkyns Hilgrove (1764 - 1843),Fellow,06/12/1804
Turner; Sir; William (1832 - 1916),Fellow,07/06/1877
Turner; William Ernest Stephen (1881 - 1963),Fellow ,17/03/1938
Turnor; Charles (1768 - 1853),Fellow ,09/05/1839
Turnor; Edmund (1756 - 1829),Fellow,15/06/1786
Turnor; John (c 1660 - 1719),Fellow,08/11/1682
Turrill; William Bertram (1890 - 1961),Fellow,20/03/1958
Turton; John (1735 - 1806),Fellow,17/11/1763
Tuson; Edward William (1802 - 1865),Fellow,05/04/1838
Tuthill; Sir; George Leman (1772 - 1835),Fellow,15/03/1810
Tutin; Thomas Gaskell (1908 - 1987),Fellow,18/03/1982
Tutin; Winifred Anne (1915 - 2007),Fellow,15/03/1979
Tutte; William Thomas (1917 - 2002),Fellow,19/03/1987
Tutton; Alfred Edwin Howard (1864 - 1938); Crystallographer,Fellow,01/06/1899
Tweedie; Alexander (1794 - 1884),Fellow,08/02/1838
Tweedie; Charles (fl 1799 - 1821),Fellow,14/01/1819
Twin; Peter John,Fellow,11/03/1993
Twining; Richard (1772 - 1857),Fellow,05/06/1834
Twiss; Richard (1747 - 1821),Fellow,09/06/1774
Twiss; Sir; Travers (1809 - 1897),Fellow,15/03/1838
Twort; Frederick William (1877 - 1950),Fellow ,02/05/1929
Twyman; Frank (1876 - 1959),Fellow,15/05/1924
Tylden; Sir; John Maxwell (1787 - 1866),Fellow,13/04/1820
Tylney; John (? 1712 - 1784); 2nd Earl Tylney of Castlemaine,Fellow,11/12/1746
Tylor; Sir; Edward Burnet (1832 - 1917),Fellow,01/12/1899 or anytime between Dec1899-Oct1900 (when he retired)
Tyndall; Arthur Mannering (1881 - 1961),Fellow,11/05/1933
Tyndall; John (1820 - 1893); Natural Philosopher,Fellow,03/06/1852
Tyndall; Thomas (- 1766),Fellow,11/11/1762
Tynte; Charles John Kemeys (1800 - 1882),Fellow,18/12/1834
Tyrrell; David Arthur John (1925 - 2005),Fellow,19/03/1970
Tyrwhitt; Thomas (1730 - 1786),Fellow,28/02/1771
Tyson; Edward (1651 - 1708),Fellow,01/12/1679
Tyson; Michael (1740 - 1780),Fellow,11/02/1779
Ubaldini; Carlo (fl 1665 - 1667); Count of Montefeltri,Fellow,21/11/1667
Ubbelohde; Alfred Rene Jean Paul (1907 - 1988),Fellow,15/03/1951
Udny; Robert (c 1725 - 1802),Fellow,16/06/1785
Uhlmann; Frank,Fellow,30/04/2015
Ulloa; Antonio de (1716 - 1795),Fellow,11/12/1746
Underwood; Eric John (1905 - 1980),Fellow,19/03/1970
Unruh; William George,Fellow,10/05/2001
Unwin; Peter Nigel Tripp (1942 -),Fellow,17/03/1983
Unwin; William Cawthorne (1838 - 1933),Fellow,4/06/1886
Upton; Fulke Greville (1773 - 1846),Fellow,10/02/1803
Upton; John (1718 - ? 1784),Fellow,16/06/1757
Urban; Sir; Benjamin D' (1777 - 1849),Fellow,10/03/1825
Ure; Andrew (1778 - 1857),Fellow,13/12/1821
Urey; Harold Clayton (1893 - 1981),Foreign Member,01/05/1947
Ursell; Fritz Joseph (1923 - 2012),Fellow,16/03/1972
Ussher; Henry (- 1790),Fellow,24/11/1785
Ussing; Hans Henriksen (1911 - 2000),Foreign Member,28/06/1984
Uvarov; Sir; Boris Petrovich (1889 - 1970),Fellow,16/03/1950
Vabres de Fresars; Victor Beaufort (fl 1663 -1674),Fellow,15/07/1663
Vage; Thomas (- 1815),Fellow,25/02/1779
Valentini; Michaele Bernado (1657 - 1729),Fellow,10/11/1715
Valera; Eamon de (1882 - 1975),Statute 12,30/05/1968
Valiant; Leslie Gabriel,Fellow,14/03/1991
Valisnieri; Antonio (1661 - 1730),Fellow,30/11/1703
Vallance; Patrick John Thompson,Fellow,04/05/2017
Vallancey; Charles (1721 - 1812),Fellow,4/05/1786
Valltravers; Rudolph de (1723 -),Fellow,12/06/1755
Valvasor; Johann Weikhard (1641 - 1693); Freiherr von,Fellow,14/12/1687
Van Heyningen; Veronica,Fellow,17/05/2007
Vane; Sir; John Robert (1927 - 2004),Fellow,21/03/1974
Vansittart; Nicholas (1766 - 1851); Baron Bexley,Fellow,7/02/1822
Varadhan; Srinivasa,Fellow,14/05/1998
Varignon; Pierre (1654 - 1722),Fellow,29/07/1714
Varley; Cromwell Fleetwood (1828 - 1883),Fellow,8/06/1871
Varmus; Harold Eliot,Foreign Member,26/05/2005
Vassor; Michael Le (c 1648 - 1718),Fellow,14/01/1702
Vater; Abraham (1684 - 1751),Fellow,15/03/1722
Vaughan; Dame; Janet Maria (1899 - 1993),Fellow,15/03/1979
Vaughan; John (1639 - 1713); 3rd Earl of Carbery,Fellow,21/01/1685
Vaughan; Robert Charles,Fellow,15/03/1990
Vaughan; William (1752 - 1850),Fellow,24/06/1813
Vauquelin; Louis Nicholas (1763 - 1829),Foreign Member,11/12/1823
Vaux; Sir; Theodore de (c 1628 - 1694),Fellow,10/05/1665
Vaux; William Sandys Wright (1818 - 1885),Fellow,4/06/1868
Vavilov; Nicholas Ivanovich (1887 - 1943),Foreign Member,18/06/1942
Vay de Vaja; Nicolas (- ? 1803); Baron,Fellow,22/11/1787
Vederas; John Christopher,Fellow,14/05/2009
Veley; Victor Herbert (1856 - 1933),Fellow,7/06/1894
Veltheim; August Ferdinand (1741 - 1801),Fellow,16/04/1795
Venables; James (- 1737),Fellow,1/12/1707
Vening Meinesz; Felix Andries (1887 - 1966),Foreign Member,25/06/1936
Venkatesh; Akshay,Fellow,28/03/2019
Venn; John (1834 - 1923),Fellow,7/06/1883
Venturi; Marsilio (- 1783),Fellow,6/06/1751
Venuti; Filippo (1709 - 1769),Fellow,14/06/1759
Venuti; Ridolfino (1705 - 1763),Fellow,17/03/1757
Verdon; Sir; George Frederic (1834 - 1896),Fellow,2/06/1870
Vergne; Louis Elizabeth de la (1705 - 1783); Count of Tressan,Fellow,8/02/1750
Vermuyden; Cornelius (1627 - 1693),Original Fellow,20/05/1663
Verneuil; Philippe Edouard Pouletier de (1805 - 1873),Foreign Member,24/05/1860
Verney; Ernest Basil (1894 - 1967),Fellow,07/05/1936
Verney; Ralph (c 1712 - 1791); 2nd Earl Verney,Fellow,20/04/1758
Vernon; Edward (c 1695 - 1761),Fellow,12/03/1724
Vernon; Francis (c 1637 - 1677); Traveller,Fellow,22/05/1672
Vernon; James (c 1677 - 1756),Fellow,6/05/1702
Verrier; Urbain Jean Joseph Le (1811 - 1877),Foreign Member,4/02/1847
Vessey; Martin Paterson,Fellow,14/03/1991
Vetch; James (1789 - 1869),Fellow,6/05/1830
Vic; Sir; Henry de (c 1599 - 1671),Fellow,7/05/1662
Vickerman; Keith (1933 - 2016),Fellow,15/03/1984
Victoria (1819 - 1901); Queen of the United Kingdom of Great Britain and Ireland Empress of India,Patron,20/06/1838
Vidyasagar; Mathukumalli,Fellow,19/04/2012
Vieussens; Raymond (c 1635 - 1715),Fellow,30/11/1688
Vignoles; Charles Blacker (1793 - 1875),Fellow,7/06/1855
Vigny; Pierre de (fl 1741),Fellow,10/12/1741
Vigors; Nicholas Aylward (1785 - 1840),Fellow,23/02/1826
VijayRaghavan; Krishnaswamy; Professor,Fellow,19/04/2012
Villermont; Esprit Cabart de (c 1617 - 1707),Fellow,13/05/1685
Villiers; Charles Pelham (1802 - 1898),Fellow,23/11/1865
Villiers; George (1628 - 1687); 2nd Duke of Buckingham,Original Fellow,5/06/1661
Villoison; Jean Baptiste Gaspar d'Ansse de (? 1750 - 1805),Fellow,6/06/1776
Vince; Samuel (1749 - 1821),Fellow,22/06/1786
Vincent; Angela Carmen,Fellow,19/05/2011
Vincent; Edgar (1857 - 1941); Viscount D'Abernon,Statute 12,01/11/1934
Vincent; Jean-Paul,Fellow,02/05/2013
Vincent; Levinus (1658 - 1728),Fellow,9/06/1715
Vincent; Nathaniel (- 1722),Fellow,30/11/1683
Vine; Frederick John,Fellow,21/03/1974
Vinen; William Frank,Fellow,15/03/1973
Vines; Sidney Howard (1849 - 1934),Fellow,4/06/1885
Vinogradov; Ivan Matveevich (1891 - 1983),Foreign Member,18/06/1942
Virchow; Rudolph Ludwig Karl (1821 - 1902),Foreign Member,31/01/1884
Virdee; Tejinder Singh; Professor,Fellow,19/04/2012
Visscher; Peter Martin,Fellow,09/05/2018
Vivian; John Henry (1785 - 1855),Fellow,9/01/1823
Vivian; Richard Hussey (1775 - 1842); Baron Vivian,Fellow,11/02/1841
Viviani; Vincenzo (1622 - 1703),Fellow,29/04/1696
Vleck; John Hasbrouck Van (1899 - 1980),Foreign Member,20/04/1967
Voelcker; John Christopher Augustus (1822 - 1884),Fellow,2/06/1870
Vogt; Marthe Louise (1903 - 2003),Fellow,20/03/1952
Voigt; Woldemar (1850 - 1919),Foreign Member,26/06/1913
Volckra; Otto Christoph (- 1734); Count of Heidenreichstein,Fellow,5/04/1716
Volta; Alessandro (1745 - 1827),Fellow,5/05/1791
Voltaire; Francois Marie Arouet de (1694 - 1778),Fellow,3/11/1743
Volterra; Sir; Vito (1860 - 1940),Foreign Member,30/06/1910
Von Caemmerer; Susanne,Fellow,04/05/2017
Vossius; Isaacus (1618 - 1689),Fellow,20/04/1664
Vousden; Karen Heather,Fellow,15/05/2003
Vries; Hugo De (1848 - 1935),Foreign Member,11/05/1905
Vrijberge; Wilhelm Van (1656 - 1711),Fellow,5/06/1706
Vyse; William (c 1742 - 1816),Fellow,17/05/1781
Vyvyan; Sir; Richard Rawlinson (1800 - 1879),Fellow,8/06/1826
Waddington; Conrad Hal (1905 - 1975),Fellow,20/03/1947
Wade; Kenneth (1932 - 2014),Fellow,16/03/1989
Wade; Walter (- 1825),Fellow,14/03/1811
Wadia; Darashaw Nosherwan (1883 - 1969),Fellow,21/03/1957
Wager; Harold William Taylor (1862 - 1929),Fellow,05/05/1904
Wager; Lawrence Rickard (1904 - 1965); Geologist,Fellow,21/03/1946
Wagstaffe; William (1685 - 1725),Fellow,13/03/1718
Wain; Ralph Louis (1911 - 2000),Fellow,24/03/1960
Waksman; Gabriel,Fellow,19/04/2012
Walcott; Richard Irving,Fellow,14/03/1991
Wald; Nicholas John,Fellow,27/05/2004
Waldegrave; James (1715 - 1763); 2nd Earl Waldegrave,Fellow,14/12/1749
Waldmann; Herman,Fellow,15/03/1990
Wales; David,Fellow,28/04/2016
Wales; William (c 1734 - 1798),Fellow,7/11/1776
Walker; Alan,Fellow,13/05/1999
Walker; Arthur Geoffrey (1909 - 2001),Fellow,17/03/1955
Walker; Charles Vincent (1812 - 1882),Fellow,7/06/1855
Walker; David Alan (1928 - 2012),Fellow,15/03/1979
Walker; Donald,Fellow,21/03/1985
Walker; Edward (1820 - 1893),Fellow,3/06/1869
Walker; Fowler (c 1732 - 1804),Fellow,31/03/1791
Walker; George (c 1734 - 1807),Fellow,30/05/1771
Walker; George Patrick Leonard (1926 - 2005),Fellow,20/03/1975
Walker; George Walker (1874 - 1921),Fellow,01/05/1913
Walker; James (1781 - 1862),Fellow,17/04/1828
Walker; James (c 1720 - 1789),Fellow,9/06/1774
Walker; James Thomas (1826 - 1896),Fellow,1/06/1865
Walker; John (- 1824),Fellow,27/03/1794
Walker; John James (1825 - 1900),Fellow,7/06/1883
Walker; Miles (1868 - 1941),Fellow,07/05/1931
Walker; Robert (c 1801 - 1865),Fellow,3/03/1831
Walker; Sir; Gilbert Thomas (1868 - 1958),Fellow,05/05/1904
Walker; Sir; James (1863 - 1935),Fellow,14/06/1900
Walker; Sir; John Ernest,Fellow,09/03/1995
Walker; Thomas (- c 1800),Fellow,5/05/1791
Walker; Thomas (1702 - 1764),Fellow,22/01/1730
Walker; William (- 1742),Fellow,9/02/1738
Wall; Charles Baring (c 1795 - 1853),Fellow,1/04/1830
Wall; Charles Terence Clegg,Fellow,20/03/1969
Wall; Martin (1747 - 1824),Fellow,8/05/1788
Wall; Patrick David (1925 - 2001),Fellow,16/03/1989
Wall; Richard (1694 - 1778),Fellow,31/05/1753
Wallace; Alfred Russel (1823 - 1913),Fellow,1/06/1893
Wallace; James (fl 1684 - 1724),Fellow,15/11/1699
Wallace; Sir; David James,Fellow,20/03/1986
Wallace; Thomas (1891 - 1965),Fellow,19/03/1953
Waller; Augustus Desire (1856 - 1922),Fellow,2/06/1892
Waller; Augustus Volney (1816 - 1870),Fellow,5/06/1851
Waller; Edmund (1606 - 1687),Original Fellow,20/05/1663
Waller; Richard (c 1646 - ? 1715),Fellow,27/04/1681
Waller; Sir; William (c 1639 - 1699),Fellow,20/02/1679
Wallich; Nathaniel (1786 - 1854),Fellow,12/03/1829
Wallis; John (1616 - 1703),Original Fellow,20/05/1663
Wallis; Sir; Barnes Neville (1887 - 1979),Fellow,22/03/1945
Walls; Daniel Frank (1942 - 1999),Fellow,12/03/1992
Walmesley; Charles (1722 - 1797),Fellow,1/11/1750
Walmsley; Ian Alexander (1960 -),Fellow,19/04/2012
Walpole; Horatio (1717 - 1797); 4th Earl of Orford,Fellow,19/02/1747
Walpole; Horatio (1783 - 1858); 3rd Earl of Orford,Fellow,4/03/1824
Walpole; Spencer Horatio (1806 - 1898),Fellow,22/11/1860
Walport; Mark,Fellow,19/05/2011
Walsby; Anthony Edward,Fellow,11/03/1993
Walsh; Arthur Donald (1916 - 1977),Fellow,19/03/1964
Walsh; John (1726 - 1795); Naturalist,Fellow,8/11/1770
Walsh; Sir; Alan (1916 - 1998),Fellow,20/03/1969
Walshe; Sir; Francis Martin Rouse (1885 - 1973),Fellow,21/03/1946
Walsingham; Robert Boyle (1736 - 1779),Fellow,5/03/1778
Walter; Henry (1785 - 1859),Fellow,11/11/1819
Walter; Johann Gottlieb (1734 - 1818),Fellow,1/05/1794
Walters; Kenneth,Fellow,14/03/1991
Walton; William (- 1863),Fellow,25/05/1837
Wanley; Humfrey (1672 - 1726),Fellow,20/11/1706
Warburg; Olaus (fl 1805),Fellow,10/01/1805
Warburg; Otto Heinrich (1883 - 1970),Foreign Member,03/05/1934
Warburton; Henry (? 1784 - 1858); Philosophical Radical,Fellow,16/02/1809
Warburton; John (1682 - 1759),Fellow,10/03/1720
Warburton; John (c 1793 - 1845),Fellow,10/04/1834
Ward; Esay (c 1629 - 1674),Fellow,20/02/1668
Ward; Harry Marshall (1854 - 1906),Fellow,7/06/1888
Ward; Ian Macmillan (1928 - 2018),Fellow,17/03/1983
Ward; John (c 1679 - 1758),Fellow,30/11/1723
Ward; John Clive (1924 - 2000),Fellow,18/03/1965
Ward; John William (1781 - 1833); 1st Earl of Dudley,Fellow,16/11/1815
Ward; Nathaniel Bagshaw (1791 - 1868),Fellow,3/06/1852
Ward; Richard Samuel,Fellow,26/05/2005
Ward; Seth (1617 - 1689),Original Fellow,20/05/1663
Ward; Sir; Patience (1629 - 1696),Fellow,6/04/1681
Ware; James (1756 - 1815),Fellow,11/03/1802
Wareing; Philip Frank (1914 - 1996),Fellow,20/03/1969
Wargentin; Pehr Wilhelm (1717 - 1783),Fellow,12/07/1764
Waring; Edward (1734 - 1798),Fellow,2/06/1763
Waring; Richard Hill (c 1721 - 1794),Fellow,16/02/1769
Warington; Robert (1807 - 1867),Fellow,2/06/1864
Warington; Robert (1838 - 1907),Fellow,4/06/1886
Wark; David Lee,Fellow,17/05/2007
Warner; Anne Elizabeth,Fellow,21/03/1985
Warner; Joseph (1717 - 1801),Fellow,6/12/1750
Warner; Mark,Fellow,19/04/2012
Warner; Sir; Frederick Edward (1910 - 2010),Fellow,18/03/1976
Warre; John Ashley (1787 - 1860),Fellow,1/05/1817
Warren; Charles (1764 - 1829),Fellow,29/04/1790
Warren; Graham Barry,Fellow,13/05/1999
Warren; John (1796 - 1852),Fellow,9/12/1830
Warren; Pelham (1778 - 1835),Fellow,8/04/1813
Warren; Richard (1731 - 1797),Fellow,8/03/1764
Warren; Samuel (1807 - 1877),Fellow,2/04/1835
Warren; Sir; Charles (1840 - 1927),Fellow,12/06/1884
Warrender; Sir; George (1782 - 1849),Fellow,8/06/1815
Warrington; Elizabeth Kerr,Fellow,20/03/1986
Washington; John (? 1800 - 1863),Fellow,13/02/1845
Waterfield; Michael Derek,Fellow,14/03/1991
Waterhouse; Douglas Frew (1916 - 2000); Entomologist,Fellow,16/03/1967
Waterhouse; Edward (1619 - 1670),Fellow,29/07/1663
Waterhouse; John (1806 - 1879),Fellow,6/02/1834
Waterlow; John Conrad,Fellow,18/03/1982
Waters; William Alexander (1903 - 1985),Fellow,18/03/1954
Watkins; Hugh Christian,Fellow,04/05/2017
Watkins; Jeffrey Clifton,Fellow,17/03/1988
Watkins; Thomas (c 1761 - 1829),Fellow,23/01/1794
Watkins; Thomas (fl 1714 - 1729),Fellow,30/11/1714
Watkins; Winifred May (1924 - 2003),Fellow,20/03/1969
Watson; Alan Andrew,Fellow,11/05/2000
Watson; Andrew James,Fellow,15/05/2003
Watson; David Meredith Seares (1886 - 1973),Fellow,11/05/1922
Watson; George Neville (1886 - 1965),Fellow,15/05/1919
Watson; Henry (- 1793),Fellow,2/04/1767
Watson; Henry William (1827 - 1903),Fellow,2/06/1881
Watson; James Dewey,Foreign Member,09/04/1981
Watson; James Kay Graham,Fellow,19/03/1987
Watson; Janet Vida (1923 - 1985),Fellow,15/03/1979
Watson; Jonathan (c 1718 - 1803),Fellow,9/06/1763
Watson; Morrison (? 1846 - 1885),Fellow,12/06/1884
Watson; Ralph (fl 1830 - 1835),Fellow,27/05/1830
Watson; Richard (1737 - 1816),Fellow,2/02/1769
Watson; Robert,Fellow,19/05/2011
Watson; Robert (c 1720 - 1756),Fellow,7/02/1751
Watson; Sir; Frederick Beilby (1773 - 1852),Fellow,12/11/1818
Watson; Sir; James (c 1748 - 1796),Fellow,12/03/1778
Watson; Sir; Thomas (1792 - 1882),Fellow,9/06/1859
Watson; Sir; William (1715 - 1787),Fellow,9/04/1741
Watson; Sir; William (1744 - c 1825); Physician and Astronomer,Fellow,10/12/1767
Watson; William (1868 - 1919),Fellow,06/06/1901
Watson; William (c 1759 - 1818),Fellow,7/04/1808
Watson-Watt; Sir; Robert Alexander (1892 - 1973),Fellow,20/03/1941
Watson-Wentworth; Charles (1730 - 1782); 2nd Marquess of Rockingham,Fellow,7/11/1751
Watt; Alexander Stuart (1892 - 1985),Fellow,21/03/1957
Watt; Fiona Mary,Fellow,15/05/2003
Watt; James (1736 - 1819),Fellow,24/11/1785
Watt; James (1769 - 1848),Fellow,07/12/1820
Watt; William (1912 - 1985),Fellow,18/03/1976
Watts; Anthony,Fellow,30/04/2014
Watts; Colin,Fellow,26/05/2005
Watts; Henry (1815 - 1884),Fellow,7/06/1866
Watts; Sir; Philip (1846 - 1926),Fellow,14/06/1900
Watts; William Whitehead (1860 - 1947),Fellow,05/05/1904
Waugh; Sir; Andrew Scott (1810 - 1878),Fellow,3/06/1858
Wavell; Arthur Goodall (1785 - 1860),Fellow,24/05/1827
Wavell; William (- 1829),Fellow,5/02/1824
Way; Benjamin (1740 - 1808),Fellow,5/12/1771
Way; Lewis (1698 - 1771),Fellow,23/02/1738
Weaire; Dennis Lawrence,Fellow,13/05/1999
Weatherall; Sir; David John (1933 - 2018),Fellow,17/03/1977
Weatherley; Paul Egerton (1917 - 2001),Fellow,15/03/1973
Weaver; Thomas (1772 - 1855),Fellow,9/03/1826
Webb; Colin Edward,Fellow,14/03/1991
Webb; Frederick (- 1853),Fellow,21/03/1822
Webb; Philip Barker (1793 - 1854),Fellow,25/03/1824
Webb; Philip Carteret (1700 - 1770),Fellow,9/11/1749
Webb; Robert (- 1765),Fellow,11/11/1762
Webb; Sir; John (- 1797),Fellow,28/06/1764
Webber; Bryan Ronald,Fellow,10/05/2001
Webber; William (- 1796),Fellow,5/06/1766
Weber; Ernst Heinrich (1795 - 1878),Foreign Member,19/06/1862
Weber; Max Wilhelm Carl (1852 - 1937),Foreign Member,27/06/1935
Weber; Wilhelm Eduard (1804 - ? 1890),Foreign Member,21/11/1850
Webster; John (1795 - 1876),Fellow,7/03/1844
Webster; Richard Everard (1842 - 1915); Viscount Alverstone,Fellow,19/06/1902
Webster; Robert Gordon,Fellow,16/03/1989
Webster; Sir; Godfrey (c 1719 - 1800),Fellow,18/05/1786
Webster; Thomas (1810 - 1875),Fellow,18/03/1847
Weck; Richard (1913 - 1986),Fellow,20/03/1975
Wedderburn; Alexander (1733 - 1805); 1st Earl of Rosslyn,Fellow,6/12/1787
Wedderburn; Joseph Henry Maclagan (1882 - 1948),Fellow,11/05/1933
Wedgwood; Josiah (1730 - 1795); Potter,Fellow,16/01/1783
Weedon; Basil Charles Leicester (1923 - 2003),Fellow,18/03/1971
Wegg; George (- 1777),Fellow,9/02/1758
Wegg; George Samuel (c 1750 - 1817),Fellow,13/11/1777
Wegg; Samuel (1723 - 1802),Fellow,31/05/1753
Weichman; Christian Frederick (1698 - 1770),Fellow,27/06/1728
Weidler; Johann Friedrich (? 1691 - 1755); Mathematician and Astronomer,Fellow,9/11/1732
Weierstrass; Carl Wilhelm (1815 - 1897),Foreign Member,12/05/1881
Weigel; Detlef,Foreign Member,20/05/2010
Weil; Andre (1906 - 1998),Foreign Member,21/04/1966
Weinberg; Felix Jiri (1928 - 2012),Fellow,17/03/1983
Weinberg; Steven,Foreign Member,09/04/1981
Weiskrantz; Lawrence,Fellow,20/03/1980
Weismann; August Friedrich Leopold (1834 - 1914),Foreign Member,30/06/1910
Weiss; Frederick Ernest (1865 - 1953),Fellow,03/05/1917
Weiss; Nigel Oscar,Fellow,12/03/1992
Weiss; Robin Anthony,Fellow,15/05/1997
Weissmann; Charles,Foreign Member,30/06/1983
Weldon; Walter (1832 - 1885),Fellow,8/06/1882
Weldon; Walter Frank Raphael (1860 - 1906),Fellow,5/06/1890
Welford; Walter Thompson (1916 - 1990),Fellow,20/03/1980
Welin; John (? 1705 - 1744),Fellow,28/05/1741
Welland; Mark Edward,Fellow,13/05/2002
Wellcome; Sir; Henry Solomon (1853 - 1936),Statute 12,26/05/1932
Wellesley; Arthur (1769 - 1852); 1st Duke of Wellington,Fellow,25/11/1847
Wells; Alan Arthur (1924 - 2005),Fellow,17/03/1977
Wells; George Philip (1901 - 1985),Fellow,17/03/1955
Wells; Peter Neil Temple (1936 - 2017),Fellow,15/05/2003
Wells; William Charles (1757 - 1817),Fellow,7/11/1793
Wellsted; James Raymond (1805 - 1842),Fellow,6/04/1837
Welsh; Harry Lambert (1910 - 1984),Fellow,15/03/1962
Welsh; James (c 1723 - 1778),Fellow,15/03/1770
Welsh; John (1824 - 1859),Fellow,11/06/1857
Welsted; Robert (1671 - 1735),Fellow,13/03/1718
Wenman; Thomas Francis (1745 - 1796),Fellow,21/01/1779
Went; Friedrich August Ferdinand Christian (1863 - 1935),Foreign Member,25/05/1933
Wentworth; William (1626 - 1695); 2nd Earl of Strafford,Fellow,6/02/1668
Wentworth-Fitzwilliam; Charles William (1786 - 1857); Earl Fitzwilliam,Fellow,17/01/1811
Wenyon; Charles Morley (1878 - 1948),Fellow,12/05/1927
Werlhof; Paul Gottlieb (1699 - 1767),Fellow,26/02/1736
Werthern; Johann Georg Heinrich (1735 - 1790); Graf von,Fellow,14/02/1765
Wessler; Susan Randl,Foreign Member,04/05/2017
West; James (1703 - 1772),Fellow,9/03/1727
West; John (1693 - 1766); 1st Earl De la Warr,Fellow,19/12/1728
West; Peter Christopher,Fellow,18/05/2006
West; Richard Gilbert,Fellow,21/03/1968
West; Stephen Craig,Fellow,09/03/1995
West; Thomas Summers,Fellow,16/03/1989
West; William (1793 - 1851),Fellow,19/02/1846
Westcott; John Hugh,Fellow,17/03/1983